symbol,company,series,isin,macro,sector,industry,basicIndustry
20MICRONS,20 Microns Limited,EQ,INE144J01027,Commodities,Metals & Mining,Minerals & Mining,Industrial Minerals
21STCENMGM,21st Century Management Services Limited,EQ,INE253B01015,Financial Services,Financial Services,Capital Markets,Other Capital Market related Services
360ONE,360 ONE WAM LIMITED,EQ,INE466L01038,Financial Services,Financial Services,Capital Markets,Stockbroking & Allied
3BBLACKBIO,3B Blackbio Dx Limited,EQ,INE994E01018,Healthcare,Healthcare,Healthcare Services,Healthcare Service Provider
3IINFOLTD,3i Infotech Limited,EQ,INE748C01038,Information Technology,Information Technology,IT - Software,Computers - Software & Consulting
3MINDIA,3M India Limited,EQ,INE470A01017,Diversified,Diversified,Diversified,Diversified
3PLAND,3P Land Holdings Limited,EQ,INE105C01023,Financial Services,Financial Services,Finance,Investment Company
5PAISA,5Paisa Capital Limited,EQ,INE618L01018,Financial Services,Financial Services,Capital Markets,Stockbroking & Allied
63MOONS,63 moons technologies limited,EQ,INE111B01023,Information Technology,Information Technology,IT - Software,Computers - Software & Consulting
A2ZINFRA,A2Z Infra Engineering Limited,EQ,INE619I01012,Services,Services,Commercial Services & Supplies,Diversified Commercial Services
AAATECH,AAA Technologies Limited,EQ,INE0D0U01013,Services,Services,Commercial Services & Supplies,Consulting Services
AADHARHFC,Aadhar Housing Finance Limited,EQ,INE883F01010,Financial Services,Financial Services,Finance,Housing Finance Company
AAKASH,Aakash Exploration Services Limited,EQ,INE087Z01024,Energy,Oil Gas & Consumable Fuels,Oil,Offshore Support Solution Drilling
AAREYDRUGS,Aarey Drugs & Pharmaceuticals Limited,BE,INE198H01019,Healthcare,Healthcare,Pharmaceuticals & Biotechnology,Pharmaceuticals
AARNAV,Aarnav Fashions Limited,EQ,INE750R01016,Consumer Discretionary,Textiles,Textiles & Apparels,Other Textile Products
AARON,Aaron Industries Limited,EQ,INE721Z01010,Industrials,Capital Goods,Industrial Manufacturing,Industrial Products
AARTECH,Aartech Solonics Limited,EQ,INE01C001026,Industrials,Capital Goods,Electrical Equipment,Heavy Electrical Equipment
AARTIDRUGS,Aarti Drugs Limited,EQ,INE767A01016,Healthcare,Healthcare,Pharmaceuticals & Biotechnology,Pharmaceuticals
AARTIIND,Aarti Industries Limited,EQ,INE769A01020,Commodities,Chemicals,Chemicals & Petrochemicals,Specialty Chemicals
AARTIPHARM,Aarti Pharmalabs Limited,EQ,INE0LRU01027,Healthcare,Healthcare,Pharmaceuticals & Biotechnology,Pharmaceuticals
AARTISURF,Aarti Surfactants Limited,EQ,INE09EO01013,Commodities,Chemicals,Chemicals & Petrochemicals,Specialty Chemicals
AARVI,Aarvi Encon Limited,EQ,INE754X01016,Services,Services,Commercial Services & Supplies,Diversified Commercial Services
AAVAS,Aavas Financiers Limited,EQ,INE216P01012,Financial Services,Financial Services,Finance,Housing Finance Company
ABAN,Aban Offshore Limited,BE,INE421A01028,Energy,Oil Gas & Consumable Fuels,Oil,Offshore Support Solution Drilling
ABANSENT,Abans Enterprises Limited,BE,INE365O01028,Commodities,Metals & Mining,Metals & Minerals Trading,Trading - Metals
ABB,ABB India Limited,EQ,INE117A01022,Industrials,Capital Goods,Electrical Equipment,Heavy Electrical Equipment
ABBOTINDIA,Abbott India Limited,EQ,INE358A01014,Healthcare,Healthcare,Pharmaceuticals & Biotechnology,Pharmaceuticals
ABCAPITAL,Aditya Birla Capital Limited,EQ,INE674K01013,Financial Services,Financial Services,Finance,Investment Company
ABCOTS,A B Cotspin India Limited,EQ,INE08PH01015,Consumer Discretionary,Textiles,Textiles & Apparels,Other Textile Products
ABDL,Allied Blenders and Distillers Limited,EQ,INE552Z01027,Fast Moving Consumer Goods,Fast Moving Consumer Goods,Beverages,Breweries & Distilleries
ABFRL,Aditya Birla Fashion and Retail Limited,EQ,INE647O01011,Consumer Discretionary,Consumer Services,Retailing,Speciality Retail
ABINFRA,A B Infrabuild Limited,EQ,INE00YB01025,Industrials,Construction,Construction,Civil Construction
ABLBL,Aditya Birla Lifestyle Brands Limited,EQ,INE14LE01019,Consumer Discretionary,Consumer Services,Retailing,Speciality Retail
ABMINTLLTD,ABM International Limited,EQ,INE251C01025,Services,Services,Commercial Services & Supplies,Trading & Distributors
ABMKNO,ABM Knowledgeware Limited,EQ,INE850B01026,Information Technology,Information Technology,IT - Software,Software Products
ABREL,Aditya Birla Real Estate Limited,EQ,INE055A01016,Consumer Discretionary,Realty,Realty,Residential Commercial Projects
ABSLAMC,Aditya Birla Sun Life AMC Limited,EQ,INE404A01024,Financial Services,Financial Services,Capital Markets,Asset Management Company
ACC,ACC Limited,EQ,INE012A01025,Commodities,Construction Materials,Cement & Cement Products,Cement & Cement Products
ACCELYA,Accelya Solutions India Limited,EQ,INE793A01012,Information Technology,Information Technology,IT - Software,Computers - Software & Consulting
ACCURACY,Accuracy Shipping Limited,BE,INE648Z01023,Services,Services,Transport Services,Logistics Solution Provider
ACE,Action Construction Equipment Limited,EQ,INE731H01025,Industrials,Capital Goods,Agricultural Commercial & Construction Vehicles,Construction Vehicles
ACEINTEG,Ace Integrated Solutions Limited,EQ,INE543V01017,Commodities,Chemicals,Chemicals & Petrochemicals,Trading - Chemicals
ACI,Archean Chemical Industries Limited,EQ,INE128X01021,Commodities,Chemicals,Chemicals & Petrochemicals,Specialty Chemicals
ACL,Andhra Cements Limited,EQ,INE666E01020,Commodities,Construction Materials,Cement & Cement Products,Cement & Cement Products
ACMESOLAR,Acme Solar Holdings Limited,EQ,INE622W01025,Utilities,Power,Power,Power Generation
ACSTECH,ACS Technologies Limited,EQ,INE366C01021,Information Technology,Information Technology,IT - Services,IT Enabled Services
ACUTAAS,Acutaas Chemicals Limited,EQ,INE00FF01025,Healthcare,Healthcare,Pharmaceuticals & Biotechnology,Pharmaceuticals
ADANIENSOL,Adani Energy Solutions Limited,EQ,INE931S01010,Utilities,Power,Power,Power Distribution
ADANIENT,Adani Enterprises Limited,EQ,INE423A01024,Commodities,Metals & Mining,Metals & Minerals Trading,Trading - Minerals
ADANIGREEN,Adani Green Energy Limited,EQ,INE364U01010,Utilities,Power,Power,Power Generation
ADANIPORTS,Adani Ports and Special Economic Zone Limited,EQ,INE742F01042,Services,Services,Transport Infrastructure,Port & Port services
ADANIPOWER,Adani Power Limited,EQ,INE814H01029,Utilities,Power,Power,Integrated Power Utilities
ADFFOODS,ADF Foods Limited,EQ,INE982B01027,Fast Moving Consumer Goods,Fast Moving Consumer Goods,Food Products,Packaged Foods
ADL,Archidply Decor Limited,EQ,INE0CHO01012,Consumer Discretionary,Consumer Durables,Consumer Durables,Plywood Boards/ Laminates
ADOR,Ador Welding Limited,EQ,INE045A01017,Industrials,Capital Goods,Industrial Products,Other Industrial Products
ADROITINFO,Adroit Infotech Limited,EQ,INE737B01033,Information Technology,Information Technology,IT - Services,IT Enabled Services
ADSL,Allied Digital Services Limited,EQ,INE102I01027,Information Technology,Information Technology,IT - Services,IT Enabled Services
ADVAIT,Advait Energy Transitions Limited,EQ,INE0ALI01010,Industrials,Capital Goods,Electrical Equipment,Other Electrical Equipment
ADVANCE,Advance Agrolife Limited,EQ,INE1B0W01010,Commodities,Chemicals,Fertilizers & Agrochemicals,Pesticides & Agrochemicals
ADVANIHOTR,Advani Hotels & Resorts (India) Limited,EQ,INE199C01026,Consumer Discretionary,Consumer Services,Leisure Services,Hotels & Resorts
ADVENTHTL,Advent Hotels International Limited,EQ,INE28GN01010,Consumer Discretionary,Consumer Services,Leisure Services,Hotels & Resorts
ADVENZYMES,Advanced Enzyme Technologies Limited,EQ,INE837H01020,Healthcare,Healthcare,Pharmaceuticals & Biotechnology,Biotechnology
AEGISLOG,Aegis Logistics Limited,EQ,INE208C01025,Energy,Oil Gas & Consumable Fuels,Gas,Trading - Gas
AEGISVOPAK,Aegis Vopak Terminals Limited,EQ,INE0INX01018,Energy,Oil Gas & Consumable Fuels,Oil,Oil Storage & Transportation
AEPL,Artemis Electricals and Projects Limited,EQ,INE757T01025,Industrials,Capital Goods,Electrical Equipment,Other Electrical Equipment
AEQUS,Aequs Limited,EQ,INE947N01017,Industrials,Capital Goods,Aerospace & Defense,Aerospace & Defense
AEROENTER,Aeroflex Enterprises Limited,EQ,INE065D01027,Industrials,Capital Goods,Industrial Products,Iron & Steel Products
AEROFLEX,Aeroflex Industries Limited,EQ,INE024001021,Industrials,Capital Goods,Industrial Products,Iron & Steel Products
AERONEU,Aeroflex Neu Limited,EQ,INE035801013,Industrials,Capital Goods,Industrial Products,Packaging
AETHER,Aether Industries Limited,EQ,INE0BWX01014,Commodities,Chemicals,Chemicals & Petrochemicals,Specialty Chemicals
AFCONS,Afcons Infrastructure Limited,EQ,INE101I01011,Industrials,Construction,Construction,Civil Construction
AFFLE,Affle 3i Limited,EQ,INE00WC01027,Information Technology,Information Technology,IT - Services,IT Enabled Services
AFFORDABLE,Affordable Robotic & Automation Limited,BE,INE692Z01013,Industrials,Capital Goods,Industrial Manufacturing,Industrial Products
AFIL,Akme Fintrade (India) Limited,BE,INE916Y01027,Financial Services,Financial Services,Finance,Non Banking Financial Company (NBFC)
AFSL,Abans Financial Services Limited,EQ,INE00ZE01026,Financial Services,Financial Services,Finance,Holding Company
AGARIND,Agarwal Industrial Corporation Limited,EQ,INE204E01012,Commodities,Chemicals,Chemicals & Petrochemicals,Petrochemicals
AGARWALEYE,Dr. Agarwal's Health Care Limited,EQ,INE943P01029,Healthcare,Healthcare,Healthcare Services,Hospital
AGI,AGI Greenpac Limited,EQ,INE415A01038,Industrials,Capital Goods,Industrial Products,Packaging
AGIIL,Agi Infra Limited,EQ,INE976R01033,Consumer Discretionary,Realty,Realty,Residential Commercial Projects
AGL,Allcargo Global Limited,BE,INE1YPB01014,Services,Services,Transport Services,Logistics Solution Provider
AGRITECH,Agri-Tech (India) Limited,BE,INE449G01018,Fast Moving Consumer Goods,Fast Moving Consumer Goods,Agricultural Food & other Products,Other Agricultural Products
AGROPHOS,Agro Phos India Limited,EQ,INE740V01019,Commodities,Chemicals,Fertilizers & Agrochemicals,Fertilizers
AHCL,Anlon Healthcare Limited,EQ,INE0Y8W01025,Healthcare,Healthcare,Pharmaceuticals & Biotechnology,Pharmaceuticals
AHLADA,Ahlada Engineers Limited,EQ,INE00PV01013,Consumer Discretionary,Consumer Durables,Consumer Durables,Furniture Home Furnishing
AHLEAST,Asian Hotels (East) Limited,EQ,INE926K01017,Consumer Discretionary,Consumer Services,Leisure Services,Hotels & Resorts
AHLUCONT,Ahluwalia Contracts (India) Limited,EQ,INE758C01029,Industrials,Construction,Construction,Civil Construction
AHLWEST,Asian Hotels (West) Limited,BE,INE915K01010,Consumer Discretionary,Consumer Services,Leisure Services,Hotels & Resorts
AIAENG,AIA Engineering Limited,EQ,INE212H01026,Industrials,Capital Goods,Industrial Products,Castings & Forgings
AIIL,Authum Investment & Infrastructure Limited,EQ,INE206F01022,Financial Services,Financial Services,Finance,Non Banking Financial Company (NBFC)
AIRAN,Airan Limited,EQ,INE645W01026,Information Technology,Information Technology,IT - Services,IT Enabled Services
AIROLAM,Airo Lam limited,EQ,INE801L01010,Consumer Discretionary,Consumer Durables,Consumer Durables,Plywood Boards/ Laminates
AJANTPHARM,Ajanta Pharma Limited,EQ,INE031B01049,Healthcare,Healthcare,Pharmaceuticals & Biotechnology,Pharmaceuticals
AJAXENGG,Ajax Engineering Limited,EQ,INE274Y01021,Industrials,Capital Goods,Agricultural Commercial & Construction Vehicles,Construction Vehicles
AJMERA,Ajmera Realty & Infra India Limited,EQ,INE298G01035,Consumer Discretionary,Realty,Realty,Residential Commercial Projects
AJOONI,Ajooni Biotech Limited,EQ,INE820Y01021,Fast Moving Consumer Goods,Fast Moving Consumer Goods,Food Products,Animal Feed
AKASH,Akash Infra-Projects Limited,EQ,INE737W01013,Industrials,Construction,Construction,Civil Construction
AKCAPIT,AK Capital Services Limited,EQ,INE701G01012,Financial Services,Financial Services,Finance,Non Banking Financial Company (NBFC)
AKG,Akg Exim Limited,EQ,INE00Y801016,Services,Services,Commercial Services & Supplies,Trading & Distributors
AKI,AKI India Limited,EQ,INE642Z01026,Consumer Discretionary,Consumer Durables,Consumer Durables,Leather And Leather Products
AKSHAR,Akshar Spintex Limited,EQ,INE256Z01025,Consumer Discretionary,Textiles,Textiles & Apparels,Other Textile Products
AKSHARCHEM,AksharChem India Limited,BE,INE542B01011,Commodities,Chemicals,Chemicals & Petrochemicals,Dyes And Pigments
AKSHOPTFBR,Aksh Optifibre Limited,BE,INE523B01011,Telecommunication,Telecommunication,Telecom - Equipment & Accessories,Telecom - Equipment & Accessories
AKUMS,Akums Drugs and Pharmaceuticals Limited,EQ,INE09XN01023,Healthcare,Healthcare,Pharmaceuticals & Biotechnology,Pharmaceuticals
ALANKIT,Alankit Limited,EQ,INE914E01040,Services,Services,Commercial Services & Supplies,Diversified Commercial Services
ALBERTDAVD,Albert David Limited,EQ,INE155C01010,Healthcare,Healthcare,Pharmaceuticals & Biotechnology,Pharmaceuticals
ALEMBICLTD,Alembic Limited,EQ,INE426A01027,Consumer Discretionary,Realty,Realty,Residential Commercial Projects
ALGOQUANT,Algoquant Fintech Limited,EQ,INE598D01035,Financial Services,Financial Services,Capital Markets,Stockbroking & Allied
ALICON,Alicon Castalloy Limited,EQ,INE062D01024,Consumer Discretionary,Automobile and Auto Components,Auto Components,Auto Components & Equipments
ALIVUS,Alivus Life Sciences Limited,EQ,INE03Q201024,Healthcare,Healthcare,Pharmaceuticals & Biotechnology,Pharmaceuticals
ALKALI,Alkali Metals Limited,BE,INE773I01017,Commodities,Chemicals,Chemicals & Petrochemicals,Specialty Chemicals
ALKEM,Alkem Laboratories Limited,EQ,INE540L01014,Healthcare,Healthcare,Pharmaceuticals & Biotechnology,Pharmaceuticals
ALKYLAMINE,Alkyl Amines Chemicals Limited,EQ,INE150B01039,Commodities,Chemicals,Chemicals & Petrochemicals,Specialty Chemicals
ALLCARGO,Allcargo Logistics Limited,EQ,INE418H01029,Services,Services,Transport Services,Logistics Solution Provider
ALLDIGI,Alldigi Tech Limited,EQ,INE835G01018,Services,Services,Commercial Services & Supplies,Business Process Outsourcing (BPO)/ Knowledge Process Outsourcing (KPO)
ALLTIME,All Time Plastics Limited,EQ,INE0GV601021,Consumer Discretionary,Consumer Durables,Consumer Durables,Houseware
ALMONDZ,Almondz Global Securities Limited,EQ,INE326B01035,Financial Services,Financial Services,Capital Markets,Stockbroking & Allied
ALOKINDS,Alok Industries Limited,EQ,INE270A01029,Consumer Discretionary,Textiles,Textiles & Apparels,Other Textile Products
ALPA,Alpa Laboratories Limited,EQ,INE385I01010,Healthcare,Healthcare,Pharmaceuticals & Biotechnology,Pharmaceuticals
ALPHAGEO,Alphageo (India) Limited,EQ,INE137C01018,Energy,Oil Gas & Consumable Fuels,Oil,Offshore Support Solution Drilling
AMAGI,Amagi Media Labs Limited,EQ,INE121R01077,Information Technology,Information Technology,IT - Services,IT Enabled Services
AMANTA,Amanta Healthcare Limited,BE,INE084K01015,Healthcare,Healthcare,Pharmaceuticals & Biotechnology,Pharmaceuticals
AMBALALSA,Ambalal Sarabhai Enterprises Limited,EQ,INE432A01017,Healthcare,Healthcare,Pharmaceuticals & Biotechnology,Pharmaceuticals
AMBER,Amber Enterprises India Limited,EQ,INE371P01015,Consumer Discretionary,Consumer Durables,Consumer Durables,Household Appliances
AMBICAAGAR,Ambica Agarbathies & Aroma industries Limited,EQ,INE792B01012,Fast Moving Consumer Goods,Fast Moving Consumer Goods,Household Products,Household Products
AMBIKCO,Ambika Cotton Mills Limited,EQ,INE540G01014,Consumer Discretionary,Textiles,Textiles & Apparels,Other Textile Products
AMBUJACEM,Ambuja Cements Limited,EQ,INE079A01024,Commodities,Construction Materials,Cement & Cement Products,Cement & Cement Products
AMDIND,AMD Industries Limited,EQ,INE005I01014,Industrials,Capital Goods,Industrial Products,Packaging
AMIRCHAND,Amir Chand Jagdish Kumar (Exports) Limited,EQ,INE05TO01019,Fast Moving Consumer Goods,Fast Moving Consumer Goods,Agricultural Food & other Products,Other Agricultural Products
AMJLAND,Amj Land Holdings Limited,EQ,INE606A01024,Consumer Discretionary,Realty,Realty,Residential Commercial Projects
AMNPLST,Amines & Plasticizers Limited,EQ,INE275D01022,Commodities,Chemicals,Chemicals & Petrochemicals,Commodity Chemicals
AMRUTANJAN,Amrutanjan Health Care Limited,EQ,INE098F01031,Healthcare,Healthcare,Pharmaceuticals & Biotechnology,Pharmaceuticals
ANANDRATHI,Anand Rathi Wealth Limited,EQ,INE463V01026,Financial Services,Financial Services,Capital Markets,Financial Products Distributor
ANANTRAJ,Anant Raj Limited,EQ,INE242C01024,Consumer Discretionary,Realty,Realty,Residential Commercial Projects
ANDHRAPAP,ANDHRA PAPER LIMITED,EQ,INE435A01051,Commodities,Forest Materials,Paper Forest & Jute Products,Paper & Paper Products
ANDHRSUGAR,The Andhra Sugars Limited,EQ,INE715B01021,Commodities,Chemicals,Chemicals & Petrochemicals,Commodity Chemicals
ANGELONE,Angel One Limited,EQ,INE732I01021,Financial Services,Financial Services,Capital Markets,Stockbroking & Allied
ANIKINDS,Anik Industries Limited,BE,INE087B01017,Services,Services,Commercial Services & Supplies,Trading & Distributors
ANKITMETAL,Ankit Metal & Power Limited,BZ,INE106I01010,Commodities,Metals & Mining,Ferrous Metals,Iron & Steel
ANMOL,Anmol India Limited,EQ,INE02AR01019,Energy,Oil Gas & Consumable Fuels,Consumable Fuels,Trading - Coal
ANSALAPI,Ansal Properties & Infrastructure Limited,BZ,INE436A01026,Consumer Discretionary,Realty,Realty,Residential Commercial Projects
ANTELOPUS,Antelopus Selan Energy Limited,EQ,INE818A01017,Energy,Oil Gas & Consumable Fuels,Oil,Oil Exploration & Production
ANTGRAPHIC,Antarctica Limited,EQ,INE414B01021,Industrials,Capital Goods,Industrial Products,Packaging
ANTHEM,Anthem Biosciences Limited,EQ,INE0CZ201020,Healthcare,Healthcare,Pharmaceuticals & Biotechnology,Biotechnology
ANUHPHR,Anuh Pharma Limited,EQ,INE489G01022,Healthcare,Healthcare,Pharmaceuticals & Biotechnology,Pharmaceuticals
ANUP,The Anup Engineering Limited,EQ,INE294Z01018,Industrials,Capital Goods,Industrial Manufacturing,Industrial Products
ANURAS,Anupam Rasayan India Limited,EQ,INE930P01018,Commodities,Chemicals,Chemicals & Petrochemicals,Specialty Chemicals
APARINDS,Apar Industries Limited,EQ,INE372A01015,Industrials,Capital Goods,Electrical Equipment,Other Electrical Equipment
APCL,Anjani Portland Cement Limited,EQ,INE071F01012,Commodities,Construction Materials,Cement & Cement Products,Cement & Cement Products
APCOTEXIND,Apcotex Industries Limited,EQ,INE116A01032,Industrials,Capital Goods,Industrial Products,Rubber
APEX,Apex Frozen Foods Limited,EQ,INE346W01013,Fast Moving Consumer Goods,Fast Moving Consumer Goods,Food Products,Seafood
APLAPOLLO,APL Apollo Tubes Limited,EQ,INE702C01027,Industrials,Capital Goods,Industrial Products,Iron & Steel Products
APLLTD,Alembic Pharmaceuticals Limited,EQ,INE901L01018,Healthcare,Healthcare,Pharmaceuticals & Biotechnology,Pharmaceuticals
APOLLO,Apollo Micro Systems Limited,EQ,INE713T01028,Industrials,Capital Goods,Aerospace & Defense,Aerospace & Defense
APOLLOHOSP,Apollo Hospitals Enterprise Limited,EQ,INE437A01024,Healthcare,Healthcare,Healthcare Services,Hospital
APOLLOPIPE,Apollo Pipes Limited,EQ,INE126J01016,Industrials,Capital Goods,Industrial Products,Plastic Products - Industrial
APOLLOTYRE,Apollo Tyres Limited,EQ,INE438A01022,Consumer Discretionary,Automobile and Auto Components,Auto Components,Tyres & Rubber Products
APOLSINHOT,Apollo Sindoori Hotels Limited,EQ,INE451F01024,Consumer Discretionary,Consumer Services,Leisure Services,Hotels & Resorts
APTECHT,Aptech Limited,BE,INE266F01018,Consumer Discretionary,Consumer Services,Other Consumer Services,Education
APTUS,Aptus Value Housing Finance India Limited,EQ,INE852O01025,Financial Services,Financial Services,Finance,Housing Finance Company
AQYLON,Aqylon Nexus Limited,EQ,INE416A01051,Consumer Discretionary,Media Entertainment & Publication,Entertainment,TV Broadcasting & Software Production
ARCHIDPLY,Archidply Industries Limited,EQ,INE877I01016,Consumer Discretionary,Consumer Durables,Consumer Durables,Plywood Boards/ Laminates
ARCHIES,Archies Limited,EQ,INE731A01020,Consumer Discretionary,Consumer Durables,Consumer Durables,Leisure Products
ARE&M,Amara Raja Energy & Mobility Limited,EQ,INE885A01032,Consumer Discretionary,Automobile and Auto Components,Auto Components,Auto Components & Equipments
ARENTERP,Rajdarshan Industries Limited,EQ,INE610C01014,Commodities,Metals & Mining,Metals & Minerals Trading,Trading - Minerals
ARFIN,Arfin India Limited,EQ,INE784R01023,Commodities,Metals & Mining,Non - Ferrous Metals,Aluminium
ARIES,Aries Agro Limited,EQ,INE298I01015,Commodities,Chemicals,Fertilizers & Agrochemicals,Fertilizers
ARIHANT,Arihant Foundations & Housing Limited,EQ,INE413D01011,Consumer Discretionary,Realty,Realty,Residential Commercial Projects
ARIHANTCAP,Arihant Capital Markets Limited,EQ,INE420B01036,Financial Services,Financial Services,Capital Markets,Stockbroking & Allied
ARIHANTSUP,Arihant Superstructures Limited,EQ,INE643K01018,Consumer Discretionary,Realty,Realty,Residential Commercial Projects
ARIS,Arisinfra Solutions Limited,EQ,INE0H9P01028,Commodities,Construction Materials,Other Construction Materials,Other Construction Materials
ARKADE,Arkade Developers Limited,EQ,INE0QRL01017,Consumer Discretionary,Realty,Realty,Residential Commercial Projects
ARMANFIN,Arman Financial Services Limited,EQ,INE109C01017,Financial Services,Financial Services,Finance,Non Banking Financial Company (NBFC)
AROGRANITE,Aro Granite Industries Limited,EQ,INE210C01013,Consumer Discretionary,Consumer Durables,Consumer Durables,Granites & Marbles
ARROWGREEN,Arrow Greentech Limited,BE,INE570D01018,Industrials,Capital Goods,Industrial Products,Packaging
ARSHIYA,Arshiya Limited,BZ,INE968D01022,Services,Services,Transport Services,Logistics Solution Provider
ARSSBL,Anand Rathi Share and Stock Brokers Limited,EQ,INE549H01021,Financial Services,Financial Services,Capital Markets,Stockbroking & Allied
ARTEMISMED,Artemis Medicare Services Limited,EQ,INE025R01021,Healthcare,Healthcare,Healthcare Services,Hospital
ARTNIRMAN,Art Nirman Limited,EQ,INE738V01013,Consumer Discretionary,Realty,Realty,Residential Commercial Projects
ARVEE,Arvee Laboratories (India) Limited,EQ,INE006Z01016,Commodities,Chemicals,Chemicals & Petrochemicals,Specialty Chemicals
ARVIND,Arvind Limited,EQ,INE034A01011,Consumer Discretionary,Textiles,Textiles & Apparels,Garments & Apparels
ARVINDFASN,Arvind Fashions Limited,EQ,INE955V01021,Consumer Discretionary,Consumer Services,Retailing,Speciality Retail
ARVSMART,Arvind SmartSpaces Limited,EQ,INE034S01021,Consumer Discretionary,Realty,Realty,Residential Commercial Projects
ASAHIINDIA,Asahi India Glass Limited,EQ,INE439A01020,Consumer Discretionary,Automobile and Auto Components,Auto Components,Auto Components & Equipments
ASAHISONG,Asahi Songwon Colors Limited,EQ,INE228I01012,Commodities,Chemicals,Chemicals & Petrochemicals,Dyes And Pigments
ASAL,Automotive Stampings and Assemblies Limited,EQ,INE900C01027,Consumer Discretionary,Automobile and Auto Components,Auto Components,Auto Components & Equipments
ASALCBR,Associated Alcohols & Breweries Ltd.,EQ,INE073G01016,Fast Moving Consumer Goods,Fast Moving Consumer Goods,Beverages,Breweries & Distilleries
ASHAPURMIN,Ashapura Minechem Limited,EQ,INE348A01023,Commodities,Metals & Mining,Minerals & Mining,Industrial Minerals
ASHIANA,Ashiana Housing Limited,EQ,INE365D01021,Consumer Discretionary,Realty,Realty,Residential Commercial Projects
ASHIKA,Ashika Credit Capital Limited,EQ,INE094B01013,Financial Services,Financial Services,Finance,Non Banking Financial Company (NBFC)
ASHIMASYN,Ashima Limited,EQ,INE440A01010,Consumer Discretionary,Realty,Realty,Residential Commercial Projects
ASHOKA,Ashoka Buildcon Limited,EQ,INE442H01029,Industrials,Construction,Construction,Civil Construction
ASHOKAMET,Ashoka Metcast Limited,EQ,INE760Y01011,Commodities,Metals & Mining,Metals & Minerals Trading,Trading - Metals
ASHOKLEY,Ashok Leyland Limited,EQ,INE208A01029,Industrials,Capital Goods,Agricultural Commercial & Construction Vehicles,Commercial Vehicles
ASIANENE,Asian Energy Services Limited,EQ,INE276G01015,Energy,Oil Gas & Consumable Fuels,Oil,Oil Equipment & Services
ASIANHOTNR,Asian Hotels (North) Limited,EQ,INE363A01022,Consumer Discretionary,Consumer Services,Leisure Services,Hotels & Resorts
ASIANPAINT,Asian Paints Limited,EQ,INE021A01026,Consumer Discretionary,Consumer Durables,Consumer Durables,Paints
ASIANTILES,Asian Granito India Limited,EQ,INE022I01019,Consumer Discretionary,Consumer Durables,Consumer Durables,Ceramics
ASKAUTOLTD,ASK Automotive Limited,EQ,INE491J01022,Consumer Discretionary,Automobile and Auto Components,Auto Components,Auto Components & Equipments
ASMS,Avio Smart Market Stack Limited,BE,INE855F01042,Information Technology,Information Technology,IT - Services,IT Enabled Services
ASPINWALL,Aspinwall and Company Limited,EQ,INE991I01015,Diversified,Diversified,Diversified,Diversified
ASTAR,Asian Star Company Limited,EQ,INE194D01017,Consumer Discretionary,Consumer Durables,Consumer Durables,Gems Jewellery And Watches
ASTEC,Astec LifeSciences Limited,EQ,INE563J01010,Commodities,Chemicals,Fertilizers & Agrochemicals,Pesticides & Agrochemicals
ASTERDM,Aster DM Healthcare Limited,EQ,INE914M01019,Healthcare,Healthcare,Healthcare Services,Hospital
ASTRAL,Astral Limited,EQ,INE006I01046,Industrials,Capital Goods,Industrial Products,Plastic Products - Industrial
ASTRAMICRO,Astra Microwave Products Limited,EQ,INE386C01029,Industrials,Capital Goods,Aerospace & Defense,Aerospace & Defense
ASTRAZEN,AstraZeneca Pharma India Limited,EQ,INE203A01020,Healthcare,Healthcare,Pharmaceuticals & Biotechnology,Pharmaceuticals
ASTRON,Astron Paper & Board Mill Limited,BE,INE646X01014,Commodities,Forest Materials,Paper Forest & Jute Products,Paper & Paper Products
ATALREAL,Atal Realtech Limited,EQ,INE0ALR01029,Consumer Discretionary,Realty,Realty,Residential Commercial Projects
ATAM,Atam Valves Limited,EQ,INE09KD01013,Industrials,Capital Goods,Industrial Manufacturing,Industrial Products
ATGL,Adani Total Gas Limited,EQ,INE399L01023,Energy,Oil Gas & Consumable Fuels,Gas,LPG/CNG/PNG/LNG Supplier
ATHERENERG,Ather Energy Limited,EQ,INE0LEZ01016,Consumer Discretionary,Automobile and Auto Components,Automobiles,2/3 Wheelers
ATL,Allcargo Terminals Limited,EQ,INE0NN701020,Services,Services,Transport Infrastructure,Port & Port services
ATLANTAA,ATLANTAA LIMITED,EQ,INE285H01022,Services,Services,Transport Infrastructure,Road Assets - Toll Annuity Hybrid-Annuity
ATLANTAELE,Atlanta Electricals Limited,EQ,INE0Z4F01028,Industrials,Capital Goods,Electrical Equipment,Heavy Electrical Equipment
ATLASCYCLE,Atlas Cycles (Haryana) Limited,EQ,INE446A01025,Consumer Discretionary,Consumer Durables,Consumer Durables,Cycles
ATUL,Atul Limited,EQ,INE100A01010,Commodities,Chemicals,Chemicals & Petrochemicals,Specialty Chemicals
ATULAUTO,Atul Auto Limited,EQ,INE951D01028,Industrials,Capital Goods,Agricultural Commercial & Construction Vehicles,Commercial Vehicles
AUBANK,AU Small Finance Bank Limited,EQ,INE949L01017,Financial Services,Financial Services,Banks,Other Bank
AURIGROW,Auri Grow India Limited,EQ,INE925Y01036,Industrials,Capital Goods,Industrial Products,Cables - Electricals
AURIONPRO,Aurionpro Solutions Limited,EQ,INE132H01018,Information Technology,Information Technology,IT - Software,Computers - Software & Consulting
AUROPHARMA,Aurobindo Pharma Limited,EQ,INE406A01037,Healthcare,Healthcare,Pharmaceuticals & Biotechnology,Pharmaceuticals
AURUM,Aurum PropTech Limited,EQ,INE898S01029,Information Technology,Information Technology,IT - Services,IT Enabled Services
AUSOMENT,Ausom Enterprise Limited,BE,INE218C01016,Consumer Discretionary,Consumer Durables,Consumer Durables,Gems Jewellery And Watches
AUTOAXLES,Automotive Axles Limited,EQ,INE449A01011,Consumer Discretionary,Automobile and Auto Components,Auto Components,Auto Components & Equipments
AUTOIND,Autoline Industries Limited,BE,INE718H01014,Consumer Discretionary,Automobile and Auto Components,Auto Components,Auto Components & Equipments
AVADHSUGAR,Avadh Sugar & Energy Limited,BE,INE349W01017,Fast Moving Consumer Goods,Fast Moving Consumer Goods,Agricultural Food & other Products,Sugar
AVALON,Avalon Technologies Limited,EQ,INE0LCL01028,Industrials,Capital Goods,Electrical Equipment,Other Electrical Equipment
AVANTEL,Avantel Limited,EQ,INE005B01027,Industrials,Capital Goods,Aerospace & Defense,Aerospace & Defense
AVANTIFEED,Avanti Feeds Limited,EQ,INE871C01038,Fast Moving Consumer Goods,Fast Moving Consumer Goods,Food Products,Animal Feed
AVG,AVG Logistics Limited,EQ,INE680Z01018,Services,Services,Transport Services,Logistics Solution Provider
AVL,Aditya Vision Limited,EQ,INE679V01027,Consumer Discretionary,Consumer Services,Retailing,Speciality Retail
AVONMORE,Avonmore Capital & Management Services Limited,EQ,INE323B01024,Financial Services,Financial Services,Finance,Non Banking Financial Company (NBFC)
AVROIND,AVRO INDIA LIMITED,EQ,INE652Z01025,Consumer Discretionary,Consumer Durables,Consumer Durables,Plastic Products - Consumer
AVTNPL,AVT Natural Products Limited,EQ,INE488D01021,Fast Moving Consumer Goods,Fast Moving Consumer Goods,Agricultural Food & other Products,Other Agricultural Products
AWFIS,Awfis Space Solutions Limited,EQ,INE108V01019,Services,Services,Commercial Services & Supplies,Diversified Commercial Services
AWHCL,Antony Waste Handling Cell Limited,EQ,INE01BK01022,Utilities,Utilities,Other Utilities,Waste Management
AWL,AWL Agri Business Limited,EQ,INE699H01024,Fast Moving Consumer Goods,Fast Moving Consumer Goods,Agricultural Food & other Products,Edible Oil
AXISBANK,Axis Bank Limited,EQ,INE238A01034,Financial Services,Financial Services,Banks,Private Sector Bank
AXISCADES,AXISCADES Technologies Limited,EQ,INE555B01013,Industrials,Capital Goods,Aerospace & Defense,Aerospace & Defense
AXITA,Axita Cotton Limited,EQ,INE02EZ01022,Consumer Discretionary,Textiles,Textiles & Apparels,Other Textile Products
AYE,Aye Finance Limited,EQ,INE501X01029,Financial Services,Financial Services,Finance,Non Banking Financial Company (NBFC)
AYMSYNTEX,AYM Syntex Limited,EQ,INE193B01039,Consumer Discretionary,Textiles,Textiles & Apparels,Other Textile Products
AZAD,Azad Engineering Limited,EQ,INE02IJ01035,Industrials,Capital Goods,Electrical Equipment,Heavy Electrical Equipment
BAFNAPH,Bafna Pharmaceuticals Limited,BE,INE878I01022,Healthcare,Healthcare,Pharmaceuticals & Biotechnology,Pharmaceuticals
BAGFILMS,B.A.G Films and Media Limited,EQ,INE116D01028,Consumer Discretionary,Media Entertainment & Publication,Entertainment,TV Broadcasting & Software Production
BAIDFIN,Baid Finserv Limited,EQ,INE020D01022,Financial Services,Financial Services,Finance,Non Banking Financial Company (NBFC)
BAJAJ-AUTO,Bajaj Auto Limited,EQ,INE917I01010,Consumer Discretionary,Automobile and Auto Components,Automobiles,2/3 Wheelers
BAJAJCON,Bajaj Consumer Care Limited,EQ,INE933K01021,Fast Moving Consumer Goods,Fast Moving Consumer Goods,Personal Products,Personal Care
BAJAJELEC,Bajaj Electricals Limited,EQ,INE193E01025,Consumer Discretionary,Consumer Durables,Consumer Durables,Household Appliances
BAJAJFINSV,Bajaj Finserv Limited,EQ,INE918I01026,Financial Services,Financial Services,Finance,Holding Company
BAJAJHCARE,Bajaj Healthcare Limited,EQ,INE411U01027,Healthcare,Healthcare,Pharmaceuticals & Biotechnology,Pharmaceuticals
BAJAJHFL,Bajaj Housing Finance Limited,EQ,INE377Y01014,Financial Services,Financial Services,Finance,Housing Finance Company
BAJAJHIND,Bajaj Hindusthan Sugar Limited,EQ,INE306A01021,Fast Moving Consumer Goods,Fast Moving Consumer Goods,Agricultural Food & other Products,Sugar
BAJAJHLDNG,Bajaj Holdings & Investment Limited,EQ,INE118A01012,Financial Services,Financial Services,Finance,Holding Company
BAJAJINDEF,Indef Manufacturing Limited,EQ,INE0O9T01021,Industrials,Capital Goods,Industrial Manufacturing,Industrial Products
BAJAJST,Bajaj Steel Industries Limited,EQ,INE704G01024,Industrials,Capital Goods,Industrial Manufacturing,Industrial Products
BAJEL,Bajel Projects Limited,EQ,INE0KQN01018,Industrials,Capital Goods,Electrical Equipment,Heavy Electrical Equipment
BAJFINANCE,Bajaj Finance Limited,EQ,INE296A01032,Financial Services,Financial Services,Finance,Non Banking Financial Company (NBFC)
BALAJEE,Shree Tirupati Balajee Agro Trading Company Limited,EQ,INE0S2G01011,Industrials,Capital Goods,Industrial Products,Packaging
BALAJITELE,Balaji Telefilms Limited,EQ,INE794B01026,Consumer Discretionary,Media Entertainment & Publication,Entertainment,Media & Entertainment
BALAMINES,Balaji Amines Limited,EQ,INE050E01027,Commodities,Chemicals,Chemicals & Petrochemicals,Specialty Chemicals
BALAXI,BALAXI PHARMACEUTICALS LIMITED,BE,INE618N01022,Healthcare,Healthcare,Pharmaceuticals & Biotechnology,Pharmaceuticals
BALKRISHNA,Balkrishna Paper Mills Limited,EQ,INE875R01011,Commodities,Forest Materials,Paper Forest & Jute Products,Paper & Paper Products
BALKRISIND,Balkrishna Industries Limited,EQ,INE787D01026,Consumer Discretionary,Automobile and Auto Components,Auto Components,Tyres & Rubber Products
BALMLAWRIE,Balmer Lawrie & Company Limited,EQ,INE164A01016,Diversified,Diversified,Diversified,Diversified
BALPHARMA,Bal Pharma Limited,EQ,INE083D01012,Healthcare,Healthcare,Pharmaceuticals & Biotechnology,Pharmaceuticals
BALRAMCHIN,Balrampur Chini Mills Limited,EQ,INE119A01028,Fast Moving Consumer Goods,Fast Moving Consumer Goods,Agricultural Food & other Products,Sugar
BALUFORGE,Balu Forge Industries Limited,EQ,INE011E01029,Industrials,Capital Goods,Industrial Products,Castings & Forgings
BANARBEADS,Banaras Beads Limited,EQ,INE655B01011,Consumer Discretionary,Consumer Durables,Consumer Durables,Gems Jewellery And Watches
BANARISUG,Bannari Amman Sugars Limited,EQ,INE459A01010,Fast Moving Consumer Goods,Fast Moving Consumer Goods,Agricultural Food & other Products,Sugar
BANCOINDIA,Banco Products (I) Limited,EQ,INE213C01025,Consumer Discretionary,Automobile and Auto Components,Auto Components,Auto Components & Equipments
BANDHANBNK,Bandhan Bank Limited,EQ,INE545U01014,Financial Services,Financial Services,Banks,Private Sector Bank
BANG,Bang Overseas Limited,EQ,INE863I01016,Consumer Discretionary,Textiles,Textiles & Apparels,Garments & Apparels
BANKA,Banka BioLoo Limited,BE,INE862Y01015,Industrials,Construction,Construction,Civil Construction
BANKBARODA,Bank of Baroda,EQ,INE028A01039,Financial Services,Financial Services,Banks,Public Sector Bank
BANKINDIA,Bank of India,EQ,INE084A01016,Financial Services,Financial Services,Banks,Public Sector Bank
BANSALWIRE,Bansal Wire Industries Limited,EQ,INE0B9K01025,Industrials,Capital Goods,Industrial Products,Iron & Steel Products
BANSWRAS,Banswara Syntex Limited,EQ,INE629D01020,Consumer Discretionary,Textiles,Textiles & Apparels,Other Textile Products
BASF,BASF India Limited,EQ,INE373A01013,Commodities,Chemicals,Chemicals & Petrochemicals,Specialty Chemicals
BASML,Bannari Amman Spinning Mills Limited,BE,INE186H01022,Consumer Discretionary,Textiles,Textiles & Apparels,Other Textile Products
BATAINDIA,Bata India Limited,EQ,INE176A01028,Consumer Discretionary,Consumer Durables,Consumer Durables,Footwear
BATLIBOI,Batliboi Limited,EQ,INE177C01022,Industrials,Capital Goods,Industrial Manufacturing,Industrial Equipments
BAYERCROP,Bayer Cropscience Limited,EQ,INE462A01022,Commodities,Chemicals,Fertilizers & Agrochemicals,Pesticides & Agrochemicals
BBL,Bharat Bijlee Limited,EQ,INE464A01036,Industrials,Capital Goods,Electrical Equipment,Heavy Electrical Equipment
BBOX,Black Box Limited,EQ,INE676A01027,Information Technology,Information Technology,IT - Services,IT Enabled Services
BBTC,The Bombay Burmah Trading Corporation Limited,EQ,INE050A01025,Fast Moving Consumer Goods,Fast Moving Consumer Goods,Food Products,Packaged Foods
BBTCL,B&B Triplewall Containers Limited,EQ,INE01EE01011,Industrials,Capital Goods,Industrial Products,Packaging
BCG,Brightcom Group Limited,EQ,INE425B01027,Information Technology,Information Technology,IT - Services,IT Enabled Services
BCLIND,Bcl Industries Limited,EQ,INE412G01024,Fast Moving Consumer Goods,Fast Moving Consumer Goods,Beverages,Breweries & Distilleries
BCONCEPTS,Brand Concepts Limited,EQ,INE977Y01011,Consumer Discretionary,Consumer Services,Retailing,Speciality Retail
BCPL,BCPL Railway Infrastructure Limited,EQ,INE00SW01015,Industrials,Construction,Construction,Civil Construction
BDL,Bharat Dynamics Limited,EQ,INE171Z01026,Industrials,Capital Goods,Aerospace & Defense,Aerospace & Defense
BEARDSELL,Beardsell Limited,EQ,INE520H01022,Industrials,Capital Goods,Industrial Products,Other Industrial Products
BECTORFOOD,Mrs. Bectors Food Specialities Limited,EQ,INE495P01020,Fast Moving Consumer Goods,Fast Moving Consumer Goods,Food Products,Packaged Foods
BEDMUTHA,Bedmutha Industries Limited,EQ,INE844K01012,Industrials,Capital Goods,Industrial Products,Aluminium Copper & Zinc Products
BEEKAY,Beekay Steel Industries Limited,EQ,INE213D01015,Industrials,Capital Goods,Industrial Products,Iron & Steel Products
BEL,Bharat Electronics Limited,EQ,INE263A01024,Industrials,Capital Goods,Aerospace & Defense,Aerospace & Defense
BELLACASA,Bella Casa Fashion & Retail Limited,EQ,INE344T01014,Consumer Discretionary,Textiles,Textiles & Apparels,Garments & Apparels
BELRISE,Belrise Industries Limited,EQ,INE894V01022,Consumer Discretionary,Automobile and Auto Components,Auto Components,Auto Components & Equipments
BEML,BEML Limited,EQ,INE258A01024,Industrials,Capital Goods,Agricultural Commercial & Construction Vehicles,Construction Vehicles
BENGALASM,Bengal & Assam Company Limited,EQ,INE083K01017,Financial Services,Financial Services,Finance,Non Banking Financial Company (NBFC)
BEPL,Bhansali Engineering Polymers Limited,EQ,INE922A01025,Commodities,Chemicals,Chemicals & Petrochemicals,Petrochemicals
BERGEPAINT,Berger Paints (I) Limited,EQ,INE463A01038,Consumer Discretionary,Consumer Durables,Consumer Durables,Paints
BESTAGRO,Best Agrolife Limited,EQ,INE052T01021,Commodities,Chemicals,Fertilizers & Agrochemicals,Pesticides & Agrochemicals
BETA,Beta Drugs Limited,EQ,INE351Y01019,Healthcare,Healthcare,Pharmaceuticals & Biotechnology,Pharmaceuticals
BFINVEST,BF Investment Limited,EQ,INE878K01010,Financial Services,Financial Services,Finance,Holding Company
BFUTILITIE,BF Utilities Limited,EQ,INE243D01012,Services,Services,Transport Infrastructure,Road Assets - Toll Annuity Hybrid-Annuity
BGRENERGY,BGR Energy Systems Limited,BE,INE661I01014,Industrials,Construction,Construction,Civil Construction
BHAGCHEM,Bhagiradha Chemicals & Industries Limited,EQ,INE414D01027,Commodities,Chemicals,Fertilizers & Agrochemicals,Pesticides & Agrochemicals
BHAGERIA,Bhageria Industries Limited,BE,INE354C01027,Commodities,Chemicals,Chemicals & Petrochemicals,Dyes And Pigments
BHAGYANGR,Bhagyanagar India Limited,BE,INE458B01036,Commodities,Metals & Mining,Non - Ferrous Metals,Copper
BHANDARI,Bhandari Hosiery Exports Limited,BE,INE474E01029,Consumer Discretionary,Textiles,Textiles & Apparels,Other Textile Products
BHARATCOAL,Bharat Coking Coal Limited,EQ,INE05XR01022,Energy,Oil Gas & Consumable Fuels,Consumable Fuels,Coal
BHARATFORG,Bharat Forge Limited,EQ,INE465A01025,Consumer Discretionary,Automobile and Auto Components,Auto Components,Auto Components & Equipments
BHARATGEAR,Bharat Gears Limited,EQ,INE561C01019,Consumer Discretionary,Automobile and Auto Components,Auto Components,Auto Components & Equipments
BHARATRAS,Bharat Rasayan Limited,EQ,INE838B01021,Commodities,Chemicals,Fertilizers & Agrochemicals,Pesticides & Agrochemicals
BHARATSE,Bharat Seats Limited,EQ,INE415D01024,Consumer Discretionary,Automobile and Auto Components,Auto Components,Auto Components & Equipments
BHARATWIRE,Bharat Wire Ropes Limited,EQ,INE316L01019,Industrials,Capital Goods,Industrial Products,Iron & Steel Products
BHARTIARTL,Bharti Airtel Limited,EQ,INE397D01024,Telecommunication,Telecommunication,Telecom - Services,Telecom - Cellular & Fixed line services
BHARTIHEXA,Bharti Hexacom Limited,EQ,INE343G01021,Telecommunication,Telecommunication,Telecom - Services,Telecom - Cellular & Fixed line services
BHEL,Bharat Heavy Electricals Limited,EQ,INE257A01026,Industrials,Capital Goods,Electrical Equipment,Heavy Electrical Equipment
BI,Bilcare Limited,EQ,INE986A01012,Healthcare,Healthcare,Healthcare Services,Healthcare Research Analytics & Technology
BIGBLOC,Bigbloc Construction Limited,EQ,INE412U01025,Commodities,Construction Materials,Cement & Cement Products,Cement & Cement Products
BIKAJI,Bikaji Foods International Limited,EQ,INE00E101023,Fast Moving Consumer Goods,Fast Moving Consumer Goods,Food Products,Packaged Foods
BIL,Bhartiya International Limited,EQ,INE828A01016,Consumer Discretionary,Consumer Durables,Consumer Durables,Leather And Leather Products
BILVYAPAR,BIL VYAPAR LIMITED,BE,INE071A01013,Financial Services,Financial Services,Finance,Holding Company
BIMETAL,Bimetal Bearings Limited,EQ,INE469A01019,Consumer Discretionary,Automobile and Auto Components,Auto Components,Auto Components & Equipments
BIOCON,Biocon Limited,EQ,INE376G01013,Healthcare,Healthcare,Pharmaceuticals & Biotechnology,Pharmaceuticals
BIOFILCHEM,Biofil Chemicals & Pharmaceuticals Limited,EQ,INE829A01014,Healthcare,Healthcare,Pharmaceuticals & Biotechnology,Pharmaceuticals
BIRLACABLE,Birla Cable Limited,BE,INE800A01015,Telecommunication,Telecommunication,Telecom - Equipment & Accessories,Telecom - Equipment & Accessories
BIRLACORPN,Birla Corporation Limited,EQ,INE340A01012,Commodities,Construction Materials,Cement & Cement Products,Cement & Cement Products
BIRLAMONEY,Aditya Birla Money Limited,EQ,INE865C01022,Financial Services,Financial Services,Capital Markets,Stockbroking & Allied
BIRLANU,BirlaNu Limited,EQ,INE557A01011,Commodities,Construction Materials,Other Construction Materials,Other Construction Materials
BIRLAPREC,Birla Precision Technologies Limited,EQ,INE372E01025,Industrials,Capital Goods,Industrial Manufacturing,Industrial Products
BLACKBUCK,BLACKBUCK LIMITED,EQ,INE0UIZ01018,Services,Services,Transport Services,Transport Related Services
BLACKROSE,Black Rose Inds. Limited,BE,INE761G01016,Commodities,Chemicals,Chemicals & Petrochemicals,Specialty Chemicals
BLAL,BEML Land Assets Limited,EQ,INE0N7W01012,Financial Services,Financial Services,Finance,Investment Company
BLBLIMITED,BLB Limited,EQ,INE791A01024,Financial Services,Financial Services,Finance,Investment Company
BLIL,Balmer Lawrie Investments Limited,EQ,INE525F01025,Financial Services,Financial Services,Finance,Holding Company
BLISSGVS,Bliss GVS Pharma Limited,BE,INE416D01022,Healthcare,Healthcare,Pharmaceuticals & Biotechnology,Pharmaceuticals
BLKASHYAP,B. L. Kashyap and Sons Limited,EQ,INE350H01032,Industrials,Construction,Construction,Civil Construction
BLS,BLS International Services Limited,EQ,INE153T01027,Consumer Discretionary,Consumer Services,Leisure Services,Tour Travel Related Services
BLSE,BLS E-Services Limited,EQ,INE0NLT01010,Information Technology,Information Technology,IT - Services,IT Enabled Services
BLUECOAST,Blue Coast Hotels Limited,BE,INE472B01011,Consumer Discretionary,Consumer Services,Leisure Services,Hotels & Resorts
BLUEDART,Blue Dart Express Limited,EQ,INE233B01017,Services,Services,Transport Services,Logistics Solution Provider
BLUEJET,Blue Jet Healthcare Limited,EQ,INE0KBH01020,Healthcare,Healthcare,Pharmaceuticals & Biotechnology,Pharmaceuticals
BLUESTARCO,Blue Star Limited,EQ,INE472A01039,Consumer Discretionary,Consumer Durables,Consumer Durables,Household Appliances
BLUESTONE,BlueStone Jewellery and Lifestyle Limited,EQ,INE304W01038,Consumer Discretionary,Consumer Durables,Consumer Durables,Gems Jewellery And Watches
BLUSPRING,Bluspring Enterprises Limited,EQ,INE0U4101014,Services,Services,Commercial Services & Supplies,Diversified Commercial Services
BMWVENTLTD,BMW Ventures Limited,EQ,INE965W01036,Commodities,Metals & Mining,Metals & Minerals Trading,Trading - Metals
BNAGROCHEM,BN Agrochem Limited,BE,INE00HZ01011,Services,Services,Commercial Services & Supplies,Trading & Distributors
BNALTD,B & A Limited,EQ,INE489D01011,Fast Moving Consumer Goods,Fast Moving Consumer Goods,Agricultural Food & other Products,Tea & Coffee
BODALCHEM,Bodal Chemicals Limited,BE,INE338D01028,Commodities,Chemicals,Chemicals & Petrochemicals,Dyes And Pigments
BOHRAIND,Bohra Industries Limited,EQ,INE802W01023,Commodities,Chemicals,Fertilizers & Agrochemicals,Fertilizers
BOMDYEING,Bombay Dyeing & Mfg Company Limited,EQ,INE032A01023,Consumer Discretionary,Textiles,Textiles & Apparels,Other Textile Products
BONLON,Bonlon Industries Limited,EQ,INE0B9A01018,Commodities,Metals & Mining,Metals & Minerals Trading,Trading - Metals
BORANA,Borana Weaves Limited,EQ,INE16SF01016,Consumer Discretionary,Textiles,Textiles & Apparels,Other Textile Products
BOROLTD,Borosil Limited,EQ,INE02PY01013,Consumer Discretionary,Consumer Durables,Consumer Durables,Houseware
BORORENEW,BOROSIL RENEWABLES LIMITED,EQ,INE666D01022,Industrials,Capital Goods,Industrial Products,Glass - Industrial
BOROSCI,Borosil Scientific Limited,EQ,INE02L001032,Industrials,Capital Goods,Industrial Products,Glass - Industrial
BOSCH-HCIL,BOSCH HOME COMFORT INDIA LIMITED,EQ,INE782A01015,Consumer Discretionary,Consumer Durables,Consumer Durables,Household Appliances
BOSCHLTD,Bosch Limited,EQ,INE323A01026,Consumer Discretionary,Automobile and Auto Components,Auto Components,Auto Components & Equipments
BPCL,Bharat Petroleum Corporation Limited,EQ,INE029A01011,Energy,Oil Gas & Consumable Fuels,Petroleum Products,Refineries & Marketing
BPL,BPL Limited,EQ,INE110A01019,Consumer Discretionary,Consumer Durables,Consumer Durables,Consumer Electronics
BRIGADE,Brigade Enterprises Limited,EQ,INE791I01019,Consumer Discretionary,Realty,Realty,Residential Commercial Projects
BRIGHOTEL,Brigade Hotel Ventures Limited,EQ,INE03NU01014,Consumer Discretionary,Consumer Services,Leisure Services,Hotels & Resorts
BRITANNIA,Britannia Industries Limited,EQ,INE216A01030,Fast Moving Consumer Goods,Fast Moving Consumer Goods,Food Products,Packaged Foods
BRNL,Bharat Road Network Limited,EQ,INE727S01012,Services,Services,Transport Infrastructure,Road Assets - Toll Annuity Hybrid-Annuity
BROOKS,Brooks Laboratories Limited,BE,INE650L01011,Healthcare,Healthcare,Pharmaceuticals & Biotechnology,Pharmaceuticals
BSE,BSE Limited,EQ,INE118H01025,Financial Services,Financial Services,Capital Markets,Exchange and Data Platform
BSHSL,Bombay Super Hybrid Seeds Limited,BE,INE032Z01020,Fast Moving Consumer Goods,Fast Moving Consumer Goods,Agricultural Food & other Products,Other Agricultural Products
BSL,BSL Limited,EQ,INE594B01012,Consumer Discretionary,Textiles,Textiles & Apparels,Other Textile Products
BSOFT,BIRLASOFT LIMITED,EQ,INE836A01035,Information Technology,Information Technology,IT - Software,Computers - Software & Consulting
BTML,Bodhi Tree Multimedia Limited,EQ,INE0EEJ01023,Consumer Discretionary,Media Entertainment & Publication,Entertainment,Digital Entertainment
BTTL,Bhilwara Technical Textiles Limited,EQ,INE274K01012,Consumer Discretionary,Textiles,Textiles & Apparels,Trading - Textile Products
BUILDPRO,Shankara Buildpro Limited,EQ,INE24OJ01011,Services,Services,Commercial Services & Supplies,Trading & Distributors
BUTTERFLY,Butterfly Gandhimathi Appliances Limited,EQ,INE295F01017,Consumer Discretionary,Consumer Durables,Consumer Durables,Household Appliances
BVCL,Barak Valley Cements Limited,EQ,INE139I01011,Commodities,Construction Materials,Cement & Cement Products,Cement & Cement Products
BYKE,The Byke Hospitality Ltd,BE,INE319B01014,Consumer Discretionary,Consumer Services,Leisure Services,Hotels & Resorts
CALSOFT,California Software Company Limited,BE,INE526B01014,Information Technology,Information Technology,IT - Software,Computers - Software & Consulting
CAMLINFINE,Camlin Fine Sciences Limited,EQ,INE052I01032,Commodities,Chemicals,Chemicals & Petrochemicals,Specialty Chemicals
CAMPUS,Campus Activewear Limited,EQ,INE278Y01022,Consumer Discretionary,Consumer Durables,Consumer Durables,Footwear
CAMS,Computer Age Management Services Limited,EQ,INE596I01020,Financial Services,Financial Services,Capital Markets,Depositories Clearing Houses and Other Intermediaries
CANBK,Canara Bank,EQ,INE476A01022,Financial Services,Financial Services,Banks,Public Sector Bank
CANFINHOME,Can Fin Homes Limited,EQ,INE477A01020,Financial Services,Financial Services,Finance,Housing Finance Company
CANHLIFE,Canara HSBC Life Insurance Company Limited,EQ,INE01TY01017,Financial Services,Financial Services,Insurance,Life Insurance
CANTABIL,Cantabil Retail India Limited,EQ,INE068L01024,Consumer Discretionary,Textiles,Textiles & Apparels,Garments & Apparels
CAPACITE,Capacit'e Infraprojects Limited,EQ,INE264T01014,Industrials,Construction,Construction,Civil Construction
CAPILLARY,Capillary Technologies India Limited,EQ,INE0ILV01024,Information Technology,Information Technology,IT - Software,Software Products
CAPITALSFB,Capital Small Finance Bank Limited,EQ,INE646H01017,Financial Services,Financial Services,Banks,Other Bank
CAPLIPOINT,Caplin Point Laboratories Limited,EQ,INE475E01026,Healthcare,Healthcare,Pharmaceuticals & Biotechnology,Pharmaceuticals
CAPTRUST,Capital Trust Limited,BE,INE707C01018,Financial Services,Financial Services,Finance,Non Banking Financial Company (NBFC)
CARBORUNIV,Carborundum Universal Limited,EQ,INE120A01034,Industrials,Capital Goods,Industrial Products,Abrasives & Bearings
CARERATING,CARE Ratings Limited,EQ,INE752H01013,Financial Services,Financial Services,Capital Markets,Ratings
CARRARO,Carraro India Limited,EQ,INE0V7W01012,Consumer Discretionary,Automobile and Auto Components,Auto Components,Auto Components & Equipments
CARTRADE,Cartrade Tech Limited,EQ,INE290S01011,Consumer Discretionary,Consumer Services,Retailing,E-Retail/ E-Commerce
CARYSIL,CARYSIL LIMITED,EQ,INE482D01024,Consumer Discretionary,Consumer Durables,Consumer Durables,Household Appliances
CASTROLIND,Castrol India Limited,EQ,INE172A01027,Energy,Oil Gas & Consumable Fuels,Petroleum Products,Lubricants
CCAVENUE,AvenuesAI Limited,EQ,INE483S01020,Financial Services,Financial Services,Financial Technology (Fintech),Financial Technology (Fintech)
CCCL,Consolidated Construction Consortium Limited,EQ,INE429I01024,Consumer Discretionary,Realty,Realty,Residential Commercial Projects
CCHHL,Country Club Hospitality & Holidays Limited,EQ,INE652F01027,Consumer Discretionary,Consumer Services,Leisure Services,Hotels & Resorts
CCL,CCL Products (India) Limited,EQ,INE421D01022,Fast Moving Consumer Goods,Fast Moving Consumer Goods,Agricultural Food & other Products,Tea & Coffee
CDSL,Central Depository Services (India) Limited,EQ,INE736A01011,Financial Services,Financial Services,Capital Markets,Depositories Clearing Houses and Other Intermediaries
CEATLTD,CEAT Limited,EQ,INE482A01020,Consumer Discretionary,Automobile and Auto Components,Auto Components,Tyres & Rubber Products
CEIGALL,Ceigall India Limited,EQ,INE0AG901020,Industrials,Construction,Construction,Civil Construction
CEINSYS,Ceinsys Tech Limited,EQ,INE016Q01014,Information Technology,Information Technology,IT - Services,IT Enabled Services
CELEBRITY,Celebrity Fashions Limited,EQ,INE185H01016,Consumer Discretionary,Textiles,Textiles & Apparels,Garments & Apparels
CELLO,Cello World Limited,EQ,INE0LMW01024,Consumer Discretionary,Consumer Durables,Consumer Durables,Houseware
CEMPRO,Cemindia Projects Limited,EQ,INE686A01026,Industrials,Construction,Construction,Civil Construction
CENTENKA,Century Enka Limited,EQ,INE485A01015,Consumer Discretionary,Textiles,Textiles & Apparels,Other Textile Products
CENTEXT,Century Extrusions Limited,EQ,INE281A01026,Industrials,Capital Goods,Industrial Products,Aluminium Copper & Zinc Products
CENTRALBK,Central Bank of India,EQ,INE483A01010,Financial Services,Financial Services,Banks,Public Sector Bank
CENTRUM,Centrum Capital Limited,EQ,INE660C01027,Financial Services,Financial Services,Finance,Other Financial Services
CENTUM,Centum Electronics Limited,EQ,INE320B01020,Industrials,Capital Goods,Aerospace & Defense,Aerospace & Defense
CENTURYPLY,Century Plyboards (India) Limited,EQ,INE348B01021,Consumer Discretionary,Consumer Durables,Consumer Durables,Plywood Boards/ Laminates
CERA,Cera Sanitaryware Limited,EQ,INE739E01017,Consumer Discretionary,Consumer Durables,Consumer Durables,Sanitary Ware
CEREBRAINT,Cerebra Integrated Technologies Limited,BZ,INE345B01019,Information Technology,Information Technology,IT - Hardware,Computers Hardware & Equipments
CESC,CESC Limited,EQ,INE486A01021,Utilities,Power,Power,Integrated Power Utilities
CEWATER,Concord Enviro Systems Limited,EQ,INE037Z01029,Utilities,Utilities,Other Utilities,Waste Management
CGCL,Capri Global Capital Limited,EQ,INE180C01042,Financial Services,Financial Services,Finance,Non Banking Financial Company (NBFC)
CGPOWER,CG Power and Industrial Solutions Limited,EQ,INE067A01029,Industrials,Capital Goods,Electrical Equipment,Heavy Electrical Equipment
CHALET,Chalet Hotels Limited,EQ,INE427F01016,Consumer Discretionary,Consumer Services,Leisure Services,Hotels & Resorts
CHAMBLFERT,Chambal Fertilizers & Chemicals Limited,EQ,INE085A01013,Commodities,Chemicals,Fertilizers & Agrochemicals,Fertilizers
CHEMBOND,Chembond Material Technologies Limited,BE,INE995D01025,Commodities,Chemicals,Chemicals & Petrochemicals,Specialty Chemicals
CHEMBONDCH,Chembond Chemicals Limited,BE,INE0TGX01019,Commodities,Chemicals,Chemicals & Petrochemicals,Specialty Chemicals
CHEMCON,Chemcon Speciality Chemicals Limited,BE,INE03YM01018,Commodities,Chemicals,Chemicals & Petrochemicals,Specialty Chemicals
CHEMFAB,Chemfab Alkalis Limited,BE,INE783X01023,Commodities,Chemicals,Chemicals & Petrochemicals,Commodity Chemicals
CHEMPLASTS,Chemplast Sanmar Limited,EQ,INE488A01050,Commodities,Chemicals,Chemicals & Petrochemicals,Specialty Chemicals
CHENNPETRO,Chennai Petroleum Corporation Limited,EQ,INE178A01016,Energy,Oil Gas & Consumable Fuels,Petroleum Products,Refineries & Marketing
CHEVIOT,Cheviot Company Limited,EQ,INE974B01016,Commodities,Forest Materials,Paper Forest & Jute Products,Jute & Jute Products
CHOICEIN,Choice International Limited,EQ,INE102B01014,Financial Services,Financial Services,Finance,Holding Company
CHOLAFIN,Cholamandalam Investment and Finance Company Limited,EQ,INE121A01024,Financial Services,Financial Services,Finance,Non Banking Financial Company (NBFC)
CHOLAHLDNG,Cholamandalam Financial Holdings Limited,EQ,INE149A01033,Financial Services,Financial Services,Finance,Investment Company
CIEINDIA,CIE Automotive India Limited,EQ,INE536H01010,Consumer Discretionary,Automobile and Auto Components,Auto Components,Auto Components & Equipments
CIFL,Capital India Finance Limited,EQ,INE345H01024,Financial Services,Financial Services,Finance,Non Banking Financial Company (NBFC)
CINELINE,Cineline India Limited,EQ,INE704H01022,Consumer Discretionary,Media Entertainment & Publication,Entertainment,Film Production Distribution & Exhibition
CINEVISTA,Cinevista Limited,EQ,INE039B01026,Consumer Discretionary,Realty,Realty,Residential Commercial Projects
CIPLA,Cipla Limited,EQ,INE059A01026,Healthcare,Healthcare,Pharmaceuticals & Biotechnology,Pharmaceuticals
CLEAN,Clean Science and Technology Limited,EQ,INE227W01023,Commodities,Chemicals,Chemicals & Petrochemicals,Specialty Chemicals
CLEANMAX,Clean Max Enviro Energy Solutions Limited,EQ,INE647U01026,Utilities,Power,Power,Power Generation
CLEDUCATE,CL Educate Limited,BE,INE201M01029,Consumer Discretionary,Consumer Services,Other Consumer Services,Education
CLSEL,Chaman Lal Setia Exports Limited,EQ,INE419D01026,Fast Moving Consumer Goods,Fast Moving Consumer Goods,Agricultural Food & other Products,Other Agricultural Products
CMPDI,Central Mine Planning & Design Institute Limited,EQ,INE05HV01027,Services,Services,Commercial Services & Supplies,Consulting Services
CMRGREEN,CMR Green Technologies Limited,EQ,INE00WV01027,Industrials,Capital Goods,Industrial Products,Aluminium Copper & Zinc Products
CMSINFO,CMS Info Systems Limited,EQ,INE925R01014,Services,Services,Commercial Services & Supplies,Diversified Commercial Services
CNL,Creative Newtech Limited,EQ,INE985W01018,Services,Services,Commercial Services & Supplies,Trading & Distributors
COALINDIA,Coal India Limited,EQ,INE522F01014,Energy,Oil Gas & Consumable Fuels,Consumable Fuels,Coal
COASTCORP,Coastal Corporation Limited,EQ,INE377E01024,Fast Moving Consumer Goods,Fast Moving Consumer Goods,Food Products,Seafood
COCHINSHIP,Cochin Shipyard Limited,EQ,INE704P01025,Industrials,Capital Goods,Industrial Manufacturing,Ship Building & Allied Services
COCKERILL,John Cockerill India Limited,EQ,INE515A01019,Industrials,Capital Goods,Industrial Manufacturing,Industrial Products
COFFEEDAY,Coffee Day Enterprises Limited,BE,INE335K01011,Consumer Discretionary,Consumer Services,Leisure Services,Restaurants
COFORGE,Coforge Limited,EQ,INE591G01025,Information Technology,Information Technology,IT - Software,Computers - Software & Consulting
COHANCE,Cohance Lifesciences Limited,EQ,INE03QK01018,Healthcare,Healthcare,Pharmaceuticals & Biotechnology,Pharmaceuticals
COLPAL,Colgate Palmolive (India) Limited,EQ,INE259A01022,Fast Moving Consumer Goods,Fast Moving Consumer Goods,Personal Products,Personal Care
COMFINTE,Comfort Intech Limited,EQ,INE819A01049,Fast Moving Consumer Goods,Fast Moving Consumer Goods,Beverages,Breweries & Distilleries
COMPINFO,Compuage Infocom Limited,BZ,INE070C01037,Information Technology,Information Technology,IT - Hardware,Computers Hardware & Equipments
COMPUSOFT,Compucom Software Limited,EQ,INE453B01029,Consumer Discretionary,Consumer Services,Other Consumer Services,Education
COMSYN,Commercial Syn Bags Limited,EQ,INE073V01015,Industrials,Capital Goods,Industrial Products,Packaging
CONCOR,Container Corporation of India Limited,EQ,INE111A01025,Services,Services,Transport Services,Logistics Solution Provider
CONCORDBIO,Concord Biotech Limited,EQ,INE338H01029,Healthcare,Healthcare,Pharmaceuticals & Biotechnology,Pharmaceuticals
CONFIPET,Confidence Petroleum India Limited,EQ,INE552D01024,Energy,Oil Gas & Consumable Fuels,Gas,LPG/CNG/PNG/LNG Supplier
CONSOFINVT,Consolidated Finvest & Holdings Limited,EQ,INE025A01027,Financial Services,Financial Services,Finance,Investment Company
CONTROLPR,Control Print Limited,EQ,INE663B01015,Information Technology,Information Technology,IT - Hardware,Computers Hardware & Equipments
CORALFINAC,Coral India Finance & Housing Limited,EQ,INE558D01021,Services,Services,Commercial Services & Supplies,Diversified Commercial Services
CORDELIA,Waterways Leisure Tourism Limited,EQ,INE0LZF01013,Consumer Discretionary,Consumer Services,Leisure Services,Tour Travel Related Services
CORDSCABLE,Cords Cable Industries Limited,BE,INE792I01017,Industrials,Capital Goods,Industrial Products,Cables - Electricals
COROMANDEL,Coromandel International Limited,EQ,INE169A01031,Commodities,Chemicals,Fertilizers & Agrochemicals,Fertilizers
CORONA,CORONA Remedies Limited,EQ,INE02ZQ01018,Healthcare,Healthcare,Pharmaceuticals & Biotechnology,Pharmaceuticals
COSMOFIRST,COSMO FIRST LIMITED,EQ,INE757A01017,Industrials,Capital Goods,Industrial Products,Packaging
COUNCODOS,Country Condo's Limited,EQ,INE695B01025,Consumer Discretionary,Realty,Realty,Residential Commercial Projects
CPCAP,CP Capital Limited,BE,INE521J01018,Financial Services,Financial Services,Finance,Non Banking Financial Company (NBFC)
CPEDU,Career Point Edutech Limited,EQ,INE0P6P01016,Consumer Discretionary,Consumer Services,Other Consumer Services,Education
CPPLUS,Aditya Infotech Limited,EQ,INE819V01029,Industrials,Capital Goods,Industrial Manufacturing,Industrial Products
CRAFTSMAN,Craftsman Automation Limited,EQ,INE00LO01017,Consumer Discretionary,Automobile and Auto Components,Auto Components,Auto Components & Equipments
CRAMC,Canara Robeco Asset Management Company Limited,EQ,INE218I01013,Financial Services,Financial Services,Capital Markets,Asset Management Company
CREATIVEYE,Creative Eye Limited,EQ,INE230B01021,Consumer Discretionary,Media Entertainment & Publication,Entertainment,Media & Entertainment
CREDITACC,CREDITACCESS GRAMEEN LIMITED,EQ,INE741K01010,Financial Services,Financial Services,Finance,Microfinance Institutions
CREST,Crest Ventures Limited,EQ,INE559D01011,Financial Services,Financial Services,Finance,Non Banking Financial Company (NBFC)
CRISIL,Crisil Limited,EQ,INE007A01025,Financial Services,Financial Services,Finance,Other Financial Services
CRIZAC,Crizac Limited,EQ,INE0S4R01014,Consumer Discretionary,Consumer Services,Retailing,Internet & Catalogue Retail
CROMPTON,Crompton Greaves Consumer Electricals Limited,EQ,INE299U01018,Consumer Discretionary,Consumer Durables,Consumer Durables,Household Appliances
CROWN,Crown Lifters Limited,EQ,INE491V01019,Industrials,Capital Goods,Industrial Manufacturing,Industrial Products
CSBBANK,CSB Bank Limited,EQ,INE679A01013,Financial Services,Financial Services,Banks,Private Sector Bank
CSLFINANCE,CSL Finance Limited,EQ,INE718F01018,Financial Services,Financial Services,Finance,Non Banking Financial Company (NBFC)
CSM,CSM Technologies Limited,BE,INE0ZK601013,Information Technology,Information Technology,IT - Software,Computers - Software & Consulting
CTE,Cambridge Technology Enterprises Limited,EQ,INE627H01017,Information Technology,Information Technology,IT - Software,Computers - Software & Consulting
CUB,City Union Bank Limited,EQ,INE491A01021,Financial Services,Financial Services,Banks,Private Sector Bank
CUBEXTUB,Cubex Tubings Limited,EQ,INE144D01012,Industrials,Capital Goods,Industrial Products,Aluminium Copper & Zinc Products
CUMMINSIND,Cummins India Limited,EQ,INE298A01020,Industrials,Capital Goods,Industrial Products,Compressors Pumps & Diesel Engines
CUPID,Cupid Limited,EQ,INE509F01029,Fast Moving Consumer Goods,Fast Moving Consumer Goods,Personal Products,Personal Care
CURAA,Cura Technologies Limited,EQ,INE117B01020,Information Technology,Information Technology,IT - Software,Computers - Software & Consulting
CYBERMEDIA,Cyber Media (India) Limited,BE,INE278G01037,Consumer Discretionary,Media Entertainment & Publication,Media,Electronic Media
CYBERTECH,Cybertech Systems And Software Limited,BE,INE214A01019,Information Technology,Information Technology,IT - Software,Computers - Software & Consulting
CYIENT,Cyient Limited,EQ,INE136B01020,Information Technology,Information Technology,IT - Services,IT Enabled Services
CYIENTDLM,Cyient DLM Limited,EQ,INE055S01018,Industrials,Capital Goods,Aerospace & Defense,Aerospace & Defense
DABUR,Dabur India Limited,EQ,INE016A01026,Fast Moving Consumer Goods,Fast Moving Consumer Goods,Personal Products,Personal Care
DAICHI,Dai-Ichi Karkaria Limited,BE,INE928C01010,Commodities,Chemicals,Chemicals & Petrochemicals,Specialty Chemicals
DALBHARAT,Dalmia Bharat Limited,EQ,INE00R701025,Commodities,Construction Materials,Cement & Cement Products,Cement & Cement Products
DALMIASUG,Dalmia Bharat Sugar and Industries Limited,EQ,INE495A01022,Fast Moving Consumer Goods,Fast Moving Consumer Goods,Agricultural Food & other Products,Sugar
DAMCAPITAL,Dam Capital Advisors Limited,EQ,INE284H01025,Financial Services,Financial Services,Capital Markets,Stockbroking & Allied
DAMODARIND,Damodar Industries Limited,EQ,INE497D01022,Consumer Discretionary,Textiles,Textiles & Apparels,Other Textile Products
DANGEE,Dangee Dums Limited,EQ,INE688Y01022,Fast Moving Consumer Goods,Fast Moving Consumer Goods,Food Products,Other Food Products
DATAMATICS,Datamatics Global Services Limited,EQ,INE365B01017,Information Technology,Information Technology,IT - Services,IT Enabled Services
DATAPATTNS,Data Patterns (India) Limited,EQ,INE0IX101010,Industrials,Capital Goods,Aerospace & Defense,Aerospace & Defense
DAVANGERE,Davangere Sugar Company Limited,EQ,INE179G01029,Fast Moving Consumer Goods,Fast Moving Consumer Goods,Agricultural Food & other Products,Other Agricultural Products
DBCORP,D.B.Corp Limited,EQ,INE950I01011,Consumer Discretionary,Media Entertainment & Publication,Media,Print Media
DBEIL,Deepak Builders & Engineers India Limited,BE,INE0OPA01027,Industrials,Construction,Construction,Civil Construction
DBL,Dilip Buildcon Limited,EQ,INE917M01012,Industrials,Construction,Construction,Civil Construction
DBOL,Dhampur Bio Organics Limited,BE,INE0I3401014,Fast Moving Consumer Goods,Fast Moving Consumer Goods,Agricultural Food & other Products,Sugar
DBREALTY,Valor Estate Limited,BE,INE879I01012,Consumer Discretionary,Realty,Realty,Residential Commercial Projects
DBSTOCKBRO,DB (International) Stock Brokers Limited,EQ,INE921B01025,Financial Services,Financial Services,Capital Markets,Stockbroking & Allied
DCAL,Dishman Carbogen Amcis Limited,EQ,INE385W01011,Healthcare,Healthcare,Pharmaceuticals & Biotechnology,Pharmaceuticals
DCBBANK,DCB Bank Limited,EQ,INE503A01015,Financial Services,Financial Services,Banks,Private Sector Bank
DCI,Dc Infotech And Communication Limited,BE,INE0A1101019,Information Technology,Information Technology,IT - Software,Computers - Software & Consulting
DCM,DCM  Limited,BE,INE498A01018,Information Technology,Information Technology,IT - Services,IT Enabled Services
DCMFINSERV,DCM Financial Services Limited,BE,INE891B01012,Financial Services,Financial Services,Finance,Investment Company
DCMNVL,DCM Nouvelle Limited,BE,INE08KP01019,Consumer Discretionary,Textiles,Textiles & Apparels,Other Textile Products
DCMSHRIRAM,DCM Shriram Limited,EQ,INE499A01024,Diversified,Diversified,Diversified,Diversified
DCMSIL,DCM Shriram International Limited,BE,INE0OU201013,Consumer Discretionary,Textiles,Textiles & Apparels,Other Textile Products
DCMSRIND,DCM Shriram Industries Limited,EQ,INE843D01027,Fast Moving Consumer Goods,Fast Moving Consumer Goods,Agricultural Food & other Products,Sugar
DCW,DCW Limited,EQ,INE500A01029,Commodities,Chemicals,Chemicals & Petrochemicals,Petrochemicals
DCXINDIA,DCX Systems Limited,EQ,INE0KL801015,Industrials,Capital Goods,Aerospace & Defense,Aerospace & Defense
DDEVPLSTIK,Ddev Plastiks Industries Limited,EQ,INE0HR601026,Commodities,Chemicals,Chemicals & Petrochemicals,Specialty Chemicals
DECCANCE,Deccan Cements Limited,EQ,INE583C01021,Commodities,Construction Materials,Cement & Cement Products,Cement & Cement Products
DECNGOLD,Deccan Gold Mines Limited,EQ,INE945F01025,Commodities,Metals & Mining,Non - Ferrous Metals,Precious Metals
DEEDEV,DEE Development Engineers Limited,BE,INE841L01016,Industrials,Capital Goods,Industrial Manufacturing,Industrial Products
DEEPAKFERT,Deepak Fertilizers and Petrochemicals Corporation Limited,EQ,INE501A01019,Commodities,Chemicals,Chemicals & Petrochemicals,Commodity Chemicals
DEEPAKNTR,Deepak Nitrite Limited,EQ,INE288B01029,Commodities,Chemicals,Chemicals & Petrochemicals,Specialty Chemicals
DEEPINDS,Deep Industries Limited,EQ,INE0FHS01024,Energy,Oil Gas & Consumable Fuels,Oil,Oil Equipment & Services
DELHIVERY,Delhivery Limited,EQ,INE148O01028,Services,Services,Transport Services,Logistics Solution Provider
DELPHIFX,DELPHI WORLD MONEY LIMITED,BE,INE726L01027,Financial Services,Financial Services,Finance,Other Financial Services
DELTACORP,Delta Corp Limited,EQ,INE124G01033,Consumer Discretionary,Consumer Services,Leisure Services,Amusement Parks/ Other Recreation
DELTAMAGNT,Delta Manufacturing Limited,EQ,INE393A01011,Industrials,Capital Goods,Industrial Products,Other Industrial Products
DEN,Den Networks Limited,EQ,INE947J01015,Consumer Discretionary,Media Entertainment & Publication,Entertainment,TV Broadcasting & Software Production
DENORA,De Nora India Limited,EQ,INE244A01016,Industrials,Capital Goods,Industrial Products,Electrodes & Refractories
DENTA,Denta Water and Infra Solutions Limited,EQ,INE0R4L01018,Utilities,Utilities,Other Utilities,Water Supply & Management
DEVIT,Dev Information Technology Limited,EQ,INE060X01034,Information Technology,Information Technology,IT - Services,IT Enabled Services
DEVX,Dev Accelerator Limited,EQ,INE0VOV01021,Services,Services,Commercial Services & Supplies,Diversified Commercial Services
DEVYANI,Devyani International Limited,EQ,INE872J01023,Consumer Discretionary,Consumer Services,Leisure Services,Restaurants
DGCONTENT,Digicontent Limited,EQ,INE03JI01017,Consumer Discretionary,Media Entertainment & Publication,Media,Advertising & Media Agencies
DHAMPURSUG,Dhampur Sugar Mills Limited,EQ,INE041A01016,Fast Moving Consumer Goods,Fast Moving Consumer Goods,Agricultural Food & other Products,Sugar
DHANBANK,Dhanlaxmi Bank Limited,EQ,INE680A01011,Financial Services,Financial Services,Banks,Private Sector Bank
DHANUKA,Dhanuka Agritech Limited,EQ,INE435G01025,Commodities,Chemicals,Fertilizers & Agrochemicals,Pesticides & Agrochemicals
DHARAN,DHARAN INFRA-EPC LIMITED,BZ,INE278R01034,Consumer Discretionary,Realty,Realty,Residential Commercial Projects
DHARMAJ,Dharmaj Crop Guard Limited,EQ,INE00OQ01016,Commodities,Chemicals,Fertilizers & Agrochemicals,Pesticides & Agrochemicals
DHRUV,Dhruv Consultancy Services Limited,BE,INE506Z01015,Services,Services,Commercial Services & Supplies,Consulting Services
DHUNINV,Dhunseri Investments Limited,EQ,INE320L01011,Financial Services,Financial Services,Finance,Non Banking Financial Company (NBFC)
DIACABS,Diamond Power Infrastructure Limited,EQ,INE989C01038,Industrials,Capital Goods,Electrical Equipment,Other Electrical Equipment
DIAMINESQ,Diamines & Chemicals Limited,EQ,INE591D01014,Commodities,Chemicals,Chemicals & Petrochemicals,Specialty Chemicals
DIAMONDYD,Prataap Snacks Limited,EQ,INE393P01035,Fast Moving Consumer Goods,Fast Moving Consumer Goods,Food Products,Packaged Foods
DICIND,DIC India Limited,EQ,INE303A01010,Commodities,Chemicals,Chemicals & Petrochemicals,Printing Inks
DIFFNKG,Diffusion Engineers Limited,EQ,INE184O01015,Industrials,Capital Goods,Industrial Products,Other Industrial Products
DIGIDRIVE,Digidrive Distributors Limited,EQ,INE0PSC01024,Consumer Discretionary,Consumer Services,Retailing,E-Retail/ E-Commerce
DIGISPICE,DiGiSPICE Technologies Limited,BE,INE927C01020,Information Technology,Information Technology,IT - Services,IT Enabled Services
DIGITIDE,Digitide Solutions Limited,EQ,INE0U4701011,Information Technology,Information Technology,IT - Services,IT Enabled Services
DIGJAMLMTD,Digjam Limited,EQ,INE731U01028,Consumer Discretionary,Textiles,Textiles & Apparels,Other Textile Products
DISAQ,Disa India Limited,EQ,INE131C01011,Industrials,Capital Goods,Industrial Manufacturing,Industrial Products
DISHTV,Dish TV India Limited,BE,INE836F01026,Consumer Discretionary,Media Entertainment & Publication,Entertainment,TV Broadcasting & Software Production
DIVGIITTS,Divgi Torqtransfer Systems Limited,EQ,INE753U01022,Consumer Discretionary,Automobile and Auto Components,Auto Components,Auto Components & Equipments
DIVISLAB,Divi's Laboratories Limited,EQ,INE361B01024,Healthcare,Healthcare,Pharmaceuticals & Biotechnology,Pharmaceuticals
DIXON,Dixon Technologies (India) Limited,EQ,INE935N01020,Consumer Discretionary,Consumer Durables,Consumer Durables,Consumer Electronics
DJML,DJ Mediaprint & Logistics Limited,EQ,INE0B1K01014,Services,Services,Transport Services,Logistics Solution Provider
DLF,DLF Limited,EQ,INE271C01023,Consumer Discretionary,Realty,Realty,Residential Commercial Projects
DLINKINDIA,D-Link (India) Limited,EQ,INE250K01012,Information Technology,Information Technology,IT - Hardware,Computers Hardware & Equipments
DMART,Avenue Supermarts Limited,EQ,INE192R01011,Consumer Discretionary,Consumer Services,Retailing,Diversified Retail
DMCC,DMCC SPECIALITY CHEMICALS LIMITED,EQ,INE505A01010,Commodities,Chemicals,Chemicals & Petrochemicals,Specialty Chemicals
DNAMEDIA,Diligent Media Corporation Limited,EQ,INE016M01021,Consumer Discretionary,Media Entertainment & Publication,Media,Electronic Media
DODLA,Dodla Dairy Limited,EQ,INE021O01019,Fast Moving Consumer Goods,Fast Moving Consumer Goods,Food Products,Dairy Products
DOLATALGO,Dolat Algotech Limited,EQ,INE966A01022,Financial Services,Financial Services,Capital Markets,Stockbroking & Allied
DOLLAR,Dollar Industries Limited,EQ,INE325C01035,Consumer Discretionary,Textiles,Textiles & Apparels,Garments & Apparels
DOLPHIN,Dolphin Offshore Enterprises (India) Limited,EQ,INE920A01037,Energy,Oil Gas & Consumable Fuels,Oil,Offshore Support Solution Drilling
DOMS,DOMS Industries Limited,EQ,INE321T01012,Fast Moving Consumer Goods,Fast Moving Consumer Goods,Household Products,Stationary
DONEAR,Donear Industries Limited,EQ,INE668D01028,Consumer Discretionary,Textiles,Textiles & Apparels,Other Textile Products
DPABHUSHAN,D. P. Abhushan Limited,EQ,INE266Y01019,Consumer Discretionary,Consumer Durables,Consumer Durables,Gems Jewellery And Watches
DPSCLTD,DPSC Limited,BE,INE360C01024,Utilities,Power,Power,Integrated Power Utilities
DPWIRES,D P Wires Limited,BE,INE864X01013,Industrials,Capital Goods,Industrial Products,Iron & Steel Products
DRAGARWQ,Dr Agarwals Eye Hospital Limited,EQ,INE934C01018,Healthcare,Healthcare,Healthcare Services,Hospital
DRCSYSTEMS,DRC Systems India Limited,EQ,INE03RS01027,Information Technology,Information Technology,IT - Services,IT Enabled Services
DREAMFOLKS,Dreamfolks Services Limited,EQ,INE0JS101016,Services,Services,Transport Infrastructure,Airport & Airport services
DREDGECORP,Dredging Corporation of India Limited,EQ,INE506A01018,Services,Services,Engineering Services,Dredging
DRREDDY,Dr. Reddy's Laboratories Limited,EQ,INE089A01031,Healthcare,Healthcare,Pharmaceuticals & Biotechnology,Pharmaceuticals
DSFCL,DCM Shriram Fine Chemicals Limited,BE,INE0OFM01015,Commodities,Chemicals,Chemicals & Petrochemicals,Specialty Chemicals
DSSL,Dynacons Systems & Solutions Limited,EQ,INE417B01040,Information Technology,Information Technology,IT - Services,IT Enabled Services
DTIL,Dhunseri Tea & Industries Limited,EQ,INE341R01014,Fast Moving Consumer Goods,Fast Moving Consumer Goods,Agricultural Food & other Products,Tea & Coffee
DUCON,Ducon Infratechnologies Limited,BE,INE741L01018,Industrials,Capital Goods,Industrial Manufacturing,Industrial Products
DVL,Dhunseri Ventures Limited,EQ,INE477B01010,Industrials,Capital Goods,Industrial Products,Packaging
DWARKESH,Dwarikesh Sugar Industries Limited,EQ,INE366A01041,Fast Moving Consumer Goods,Fast Moving Consumer Goods,Agricultural Food & other Products,Sugar
DYCL,Dynamic Cables Limited,EQ,INE600Y01019,Industrials,Capital Goods,Industrial Products,Cables - Electricals
DYNAMATECH,Dynamatic Technologies Limited,EQ,INE221B01012,Industrials,Capital Goods,Industrial Manufacturing,Industrial Products
DYNPRO,Dynemic Products Limited,EQ,INE256H01015,Commodities,Chemicals,Chemicals & Petrochemicals,Specialty Chemicals
E2E,E2E Networks Limited,EQ,INE255Z01027,Information Technology,Information Technology,IT - Services,IT Enabled Services
EASEMYTRIP,Easy Trip Planners Limited,EQ,INE07O001026,Consumer Discretionary,Consumer Services,Leisure Services,Tour Travel Related Services
EASTSILK,Eastern Silk Industries Limited,BE,INE962C01035,Consumer Discretionary,Textiles,Textiles & Apparels,Other Textile Products
EBGNG,GNG Electronics Limited,EQ,INE18JU01028,Information Technology,Information Technology,IT - Hardware,Computers Hardware & Equipments
ECLERX,eClerx Services Limited,EQ,INE738I01010,Services,Services,Commercial Services & Supplies,Business Process Outsourcing (BPO)/ Knowledge Process Outsourcing (KPO)
ECOSMOBLTY,Ecos (India) Mobility & Hospitality Limited,BE,INE06HJ01020,Services,Services,Transport Services,Road Transport
EDELWEISS,Edelweiss Financial Services Limited,EQ,INE532F01054,Financial Services,Financial Services,Finance,Holding Company
EFCIL,EFC (I) Limited,EQ,INE886D01026,Services,Services,Commercial Services & Supplies,Diversified Commercial Services
EICHERMOT,Eicher Motors Limited,EQ,INE066A01021,Consumer Discretionary,Automobile and Auto Components,Automobiles,2/3 Wheelers
EIDPARRY,EID Parry India Limited,EQ,INE126A01031,Fast Moving Consumer Goods,Fast Moving Consumer Goods,Food Products,Other Food Products
EIEL,Enviro Infra Engineers Limited,EQ,INE0LLY01014,Utilities,Utilities,Other Utilities,Water Supply & Management
EIFFL,Euro India Fresh Foods Limited,BE,INE546V01010,Fast Moving Consumer Goods,Fast Moving Consumer Goods,Food Products,Packaged Foods
EIHAHOTELS,EIH Associated Hotels Limited,EQ,INE276C01014,Consumer Discretionary,Consumer Services,Leisure Services,Hotels & Resorts
EIHOTEL,EIH Limited,EQ,INE230A01023,Consumer Discretionary,Consumer Services,Leisure Services,Hotels & Resorts
EIMCOELECO,Eimco Elecon (India) Limited,EQ,INE158B01016,Industrials,Capital Goods,Industrial Manufacturing,Industrial Products
EKC,Everest Kanto Cylinder Limited,EQ,INE184H01027,Industrials,Capital Goods,Industrial Manufacturing,Industrial Products
ELANTAS,Elantas Beck India Limited,EQ,INE280B01018,Commodities,Chemicals,Chemicals & Petrochemicals,Specialty Chemicals
ELCIDIN,EL CID Investments Limited,EQ,INE927X01018,Financial Services,Financial Services,Finance,Investment Company
ELDEHSG,Eldeco Housing And Industries Limited,EQ,INE668G01021,Consumer Discretionary,Realty,Realty,Residential Commercial Projects
ELECON,Elecon Engineering Company Limited,EQ,INE205B01031,Industrials,Capital Goods,Electrical Equipment,Heavy Electrical Equipment
ELECTCAST,Electrosteel Castings Limited,EQ,INE086A01029,Industrials,Capital Goods,Industrial Products,Iron & Steel Products
ELECTHERM,Electrotherm (India) Limited,EQ,INE822G01016,Industrials,Capital Goods,Industrial Products,Iron & Steel Products
ELGIEQUIP,Elgi Equipments Limited,EQ,INE285A01027,Industrials,Capital Goods,Industrial Products,Compressors Pumps & Diesel Engines
ELGIRUBCO,Elgi Rubber Company Limited,EQ,INE819L01012,Industrials,Capital Goods,Industrial Products,Rubber
ELIN,Elin Electronics Limited,EQ,INE050401020,Consumer Discretionary,Consumer Durables,Consumer Durables,Household Appliances
ELITECON,Elitecon International Limited,EQ,INE669R01026,Fast Moving Consumer Goods,Fast Moving Consumer Goods,Cigarettes & Tobacco Products,Cigarettes & Tobacco Products
ELLEN,Ellenbarrie Industrial Gases Limited,EQ,INE236E01022,Commodities,Chemicals,Chemicals & Petrochemicals,Industrial Gases
ELPROINTL,Elpro International Limited,EQ,INE579B01039,Consumer Discretionary,Realty,Realty,Residential Commercial Projects
EMAMILTD,Emami Limited,EQ,INE548C01032,Fast Moving Consumer Goods,Fast Moving Consumer Goods,Personal Products,Personal Care
EMAMIPAP,Emami Paper Mills Limited,EQ,INE830C01026,Commodities,Forest Materials,Paper Forest & Jute Products,Paper & Paper Products
EMAMIREAL,Emami Realty Limited,BE,INE778K01012,Consumer Discretionary,Realty,Realty,Residential Commercial Projects
EMBDL,Embassy Developments Limited,EQ,INE069I01010,Consumer Discretionary,Realty,Realty,Residential Commercial Projects
EMCURE,Emcure Pharmaceuticals Limited,EQ,INE168P01015,Healthcare,Healthcare,Pharmaceuticals & Biotechnology,Pharmaceuticals
EMIL,Electronics Mart India Limited,EQ,INE02YR01019,Consumer Discretionary,Consumer Services,Retailing,Diversified Retail
EMKAY,Emkay Global Financial Services Limited,EQ,INE296H01011,Financial Services,Financial Services,Capital Markets,Stockbroking & Allied
EMMBI,Emmbi Industries Limited,BE,INE753K01015,Industrials,Capital Goods,Industrial Products,Packaging
EMMVEE,Emmvee Photovoltaic Power Limited,EQ,INE1C6T01020,Industrials,Capital Goods,Electrical Equipment,Other Electrical Equipment
EMPOWER,Empower India Limited,BE,INE507F01023,Information Technology,Information Technology,IT - Software,Computers - Software & Consulting
EMSLIMITED,EMS Limited,EQ,INE0OV601013,Utilities,Utilities,Other Utilities,Waste Management
EMUDHRA,eMudhra Limited,EQ,INE01QM01018,Information Technology,Information Technology,IT - Services,IT Enabled Services
ENDURANCE,Endurance Technologies Limited,EQ,INE913H01037,Consumer Discretionary,Automobile and Auto Components,Auto Components,Auto Components & Equipments
ENERGYDEV,Energy Development Company Limited,EQ,INE306C01019,Utilities,Power,Power,Power Generation
ENGINERSIN,Engineers India Limited,EQ,INE510A01028,Industrials,Construction,Construction,Civil Construction
ENIL,Entertainment Network (India) Limited,EQ,INE265F01028,Consumer Discretionary,Media Entertainment & Publication,Entertainment,Media & Entertainment
ENRIN,Siemens Energy India Limited,EQ,INE1NPP01017,Industrials,Capital Goods,Electrical Equipment,Heavy Electrical Equipment
ENTERO,Entero Healthcare Solutions Limited,EQ,INE010601016,Consumer Discretionary,Consumer Services,Retailing,Pharmacy Retail
EPACK,EPACK Durable Limited,EQ,INE0G5901015,Consumer Discretionary,Consumer Durables,Consumer Durables,Household Appliances
EPACKPEB,EPack Prefab Technologies Limited,EQ,INE0MLS01022,Industrials,Capital Goods,Industrial Manufacturing,Industrial Products
EPIGRAL,Epigral Limited,EQ,INE071N01016,Commodities,Chemicals,Chemicals & Petrochemicals,Specialty Chemicals
EPL,EPL Limited,EQ,INE255A01020,Industrials,Capital Goods,Industrial Products,Packaging
EQUIPPP,Equippp Social Impact Technologies Limited,BE,INE217G01035,Information Technology,Information Technology,IT - Software,Computers - Software & Consulting
EQUITASBNK,Equitas Small Finance Bank Limited,EQ,INE063P01018,Financial Services,Financial Services,Banks,Other Bank
ERIS,Eris Lifesciences Limited,EQ,INE406M01024,Healthcare,Healthcare,Pharmaceuticals & Biotechnology,Pharmaceuticals
ESABINDIA,Esab India Limited,EQ,INE284A01012,Industrials,Capital Goods,Industrial Products,Other Industrial Products
ESAFSFB,ESAF Small Finance Bank Limited,EQ,INE818W01011,Financial Services,Financial Services,Banks,Other Bank
ESCORTS,Escorts Kubota Limited,EQ,INE042A01014,Industrials,Capital Goods,Agricultural Commercial & Construction Vehicles,Tractors
ESSARSHPNG,Essar Shipping Limited,EQ,INE122M01019,Services,Services,Transport Services,Shipping
ESSENTIA,Integra Essentia Limited,BE,INE418N01035,Services,Services,Commercial Services & Supplies,Trading & Distributors
ESTER,Ester Industries Limited,EQ,INE778B01029,Industrials,Capital Goods,Industrial Products,Packaging
ETERNAL,ETERNAL LIMITED,EQ,INE758T01015,Consumer Discretionary,Consumer Services,Retailing,E-Retail/ E-Commerce
ETHOSLTD,Ethos Limited,EQ,INE04TZ01018,Consumer Discretionary,Consumer Durables,Consumer Durables,Gems Jewellery And Watches
EUREKAFORB,Eureka Forbes Limited,EQ,INE0KCE01017,Consumer Discretionary,Consumer Durables,Consumer Durables,Household Appliances
EUROBOND,Euro Panel Products Limited,EQ,INE505V01016,Industrials,Capital Goods,Industrial Products,Aluminium Copper & Zinc Products
EUROPRATIK,Euro Pratik Sales Limited,EQ,INE198501012,Consumer Discretionary,Consumer Durables,Consumer Durables,Furniture Home Furnishing
EUROTEXIND,Eurotex Industries and Exports Limited,BE,INE022C01012,Consumer Discretionary,Realty,Realty,Residential Commercial Projects
EVEREADY,Eveready Industries India Limited,EQ,INE128A01029,Fast Moving Consumer Goods,Fast Moving Consumer Goods,Household Products,Household Products
EVERESTIND,Everest Industries Limited,BE,INE295A01018,Commodities,Construction Materials,Other Construction Materials,Other Construction Materials
EXCELINDUS,Excel Industries Limited,EQ,INE369A01029,Commodities,Chemicals,Chemicals & Petrochemicals,Specialty Chemicals
EXCELSOFT,Excelsoft Technologies Limited,EQ,INE606N01019,Information Technology,Information Technology,IT - Services,IT Enabled Services
EXICOM,Exicom Tele-Systems Limited,EQ,INE777F01014,Industrials,Capital Goods,Electrical Equipment,Heavy Electrical Equipment
EXIDEIND,Exide Industries Limited,EQ,INE302A01020,Consumer Discretionary,Automobile and Auto Components,Auto Components,Auto Components & Equipments
EXPLEOSOL,Expleo Solutions Limited,EQ,INE201K01015,Information Technology,Information Technology,IT - Services,IT Enabled Services
EXXARO,Exxaro Tiles Limited,EQ,INE0GFE01026,Consumer Discretionary,Consumer Durables,Consumer Durables,Ceramics
FABTECH,Fabtech Technologies Limited,EQ,INE0HF201011,Healthcare,Healthcare,Healthcare Equipment & Supplies,Medical Equipment & Supplies
FACT,Fertilizers and Chemicals Travancore Limited,EQ,INE188A01015,Commodities,Chemicals,Fertilizers & Agrochemicals,Fertilizers
FAIRCHEMOR,Fairchem Organics Limited,EQ,INE0DNW01011,Commodities,Chemicals,Chemicals & Petrochemicals,Specialty Chemicals
FAZE3Q,Faze Three Limited,EQ,INE963C01033,Consumer Discretionary,Textiles,Textiles & Apparels,Other Textile Products
FCL,Fineotex Chemical Limited,EQ,INE045J01034,Commodities,Chemicals,Chemicals & Petrochemicals,Specialty Chemicals
FCSSOFT,FCS Software Solutions Limited,BE,INE512B01022,Information Technology,Information Technology,IT - Services,IT Enabled Services
FDC,FDC Limited,EQ,INE258B01022,Healthcare,Healthcare,Pharmaceuticals & Biotechnology,Pharmaceuticals
FEDDERSHOL,Fedders Holding Limited,EQ,INE417D01020,Financial Services,Financial Services,Finance,Non Banking Financial Company (NBFC)
FEDERALBNK,The Federal Bank  Limited,EQ,INE171A01029,Financial Services,Financial Services,Banks,Private Sector Bank
FEDFINA,Fedbank Financial Services Limited,EQ,INE007N01010,Financial Services,Financial Services,Finance,Non Banking Financial Company (NBFC)
FEL,Future Enterprises Limited,BZ,INE623B01027,Consumer Discretionary,Consumer Services,Retailing,Diversified Retail
FELDVR,Future Enterprises Limited,BZ,IN9623B01058,Consumer Discretionary,Consumer Services,Retailing,Diversified Retail
FERMENTA,Fermenta Biotech Limited,EQ,INE225B01021,Healthcare,Healthcare,Pharmaceuticals & Biotechnology,Pharmaceuticals
FIBERWEB,Fiberweb (India) Limited,EQ,INE296C01020,Consumer Discretionary,Textiles,Textiles & Apparels,Other Textile Products
FIEMIND,Fiem Industries Limited,EQ,INE737H01014,Consumer Discretionary,Automobile and Auto Components,Auto Components,Auto Components & Equipments
FILATEX,Filatex India Limited,EQ,INE816B01035,Consumer Discretionary,Textiles,Textiles & Apparels,Other Textile Products
FILATFASH,Filatex Fashions Limited,BE,INE185E01021,Consumer Discretionary,Textiles,Textiles & Apparels,Garments & Apparels
FINCABLES,Finolex Cables Limited,EQ,INE235A01022,Industrials,Capital Goods,Industrial Products,Cables - Electricals
FINEORG,Fine Organic Industries Limited,EQ,INE686Y01026,Commodities,Chemicals,Chemicals & Petrochemicals,Specialty Chemicals
FINKURVE,Finkurve Financial Services Limited,EQ,INE734I01027,Financial Services,Financial Services,Finance,Non Banking Financial Company (NBFC)
FINOPB,Fino Payments Bank Limited,EQ,INE02NC01014,Financial Services,Financial Services,Banks,Other Bank
FINPIPE,Finolex Industries Limited,EQ,INE183A01024,Industrials,Capital Goods,Industrial Products,Plastic Products - Industrial
FIRSTCRY,Brainbees Solutions Limited,EQ,INE02RE01045,Consumer Discretionary,Consumer Services,Retailing,E-Retail/ E-Commerce
FISCHER,Fischer Medical Ventures Limited,EQ,INE771F01041,Healthcare,Healthcare,Healthcare Equipment & Supplies,Medical Equipment & Supplies
FIVESTAR,Five-Star Business Finance Limited,EQ,INE128S01021,Financial Services,Financial Services,Finance,Non Banking Financial Company (NBFC)
FLAIR,Flair Writing Industries Limited,EQ,INE00Y201027,Fast Moving Consumer Goods,Fast Moving Consumer Goods,Household Products,Stationary
FLEXITUFF,Flexituff Ventures International Limited,BE,INE060J01017,Consumer Discretionary,Textiles,Textiles & Apparels,Other Textile Products
FLFL,Future Lifestyle Fashions Limited,BZ,INE452O01016,Consumer Discretionary,Consumer Services,Retailing,Diversified Retail
FLUOROCHEM,Gujarat Fluorochemicals Limited,EQ,INE09N301011,Commodities,Chemicals,Chemicals & Petrochemicals,Specialty Chemicals
FMGOETZE,Federal-Mogul Goetze (India) Limited.,EQ,INE529A01010,Consumer Discretionary,Automobile and Auto Components,Auto Components,Auto Components & Equipments
FMNL,Future Market Networks Limited,BE,INE360L01017,Services,Services,Commercial Services & Supplies,Diversified Commercial Services
FOCUS,Focus Lighting and Fixtures Limited,BE,INE593W01028,Consumer Discretionary,Consumer Durables,Consumer Durables,Consumer Electronics
FOODSIN,Foods & Inns Limited,EQ,INE976E01023,Fast Moving Consumer Goods,Fast Moving Consumer Goods,Food Products,Packaged Foods
FORCEMOT,FORCE MOTORS LTD,EQ,INE451A01017,Consumer Discretionary,Automobile and Auto Components,Automobiles,Passenger Cars & Utility Vehicles
FORTIS,Fortis Healthcare Limited,EQ,INE061F01013,Healthcare,Healthcare,Healthcare Services,Hospital
FOSECOIND,Foseco India Limited,EQ,INE519A01011,Commodities,Chemicals,Chemicals & Petrochemicals,Specialty Chemicals
FRACTAL,Fractal Analytics Limited,EQ,INE212S01015,Information Technology,Information Technology,IT - Software,Computers - Software & Consulting
FRONTSP,Frontier Springs Limited,EQ,INE572D01014,Consumer Discretionary,Automobile and Auto Components,Auto Components,Auto Components & Equipments
FSL,Firstsource Solutions Limited,EQ,INE684F01012,Services,Services,Commercial Services & Supplies,Business Process Outsourcing (BPO)/ Knowledge Process Outsourcing (KPO)
FUSION,Fusion Finance Limited,EQ,INE139R01012,Financial Services,Financial Services,Finance,Microfinance Institutions
GABRIEL,Gabriel India Limited,EQ,INE524A01029,Consumer Discretionary,Automobile and Auto Components,Auto Components,Auto Components & Equipments
GAEL,Gujarat Ambuja Exports Limited,EQ,INE036B01030,Fast Moving Consumer Goods,Fast Moving Consumer Goods,Agricultural Food & other Products,Other Agricultural Products
GAIL,GAIL (India) Limited,EQ,INE129A01019,Energy,Oil Gas & Consumable Fuels,Gas,Gas Transmission/Marketing
GALAPREC,Gala Precision Engineering Limited,EQ,INE0RE001014,Industrials,Capital Goods,Industrial Manufacturing,Industrial Products
GALAXYSURF,Galaxy Surfactants Limited,EQ,INE600K01018,Commodities,Chemicals,Chemicals & Petrochemicals,Specialty Chemicals
GALLANTT,Gallantt Ispat Limited,EQ,INE297H01019,Industrials,Capital Goods,Industrial Products,Iron & Steel Products
GANDHAR,Gandhar Oil Refinery (India) Limited,EQ,INE717W01049,Energy,Oil Gas & Consumable Fuels,Petroleum Products,Lubricants
GANDHITUBE,Gandhi Special Tubes Limited,EQ,INE524B01027,Industrials,Capital Goods,Industrial Products,Iron & Steel Products
GANECOS,Ganesha Ecosphere Limited,EQ,INE845D01014,Consumer Discretionary,Textiles,Textiles & Apparels,Other Textile Products
GANESHBE,Ganesh Benzoplast Limited,EQ,INE388A01029,Energy,Oil Gas & Consumable Fuels,Oil,Oil Storage & Transportation
GANESHCP,Ganesh Consumer Products Limited,EQ,INE652V01016,Fast Moving Consumer Goods,Fast Moving Consumer Goods,Food Products,Packaged Foods
GANESHHOU,GANESH HOUSING LIMITED,EQ,INE460C01014,Consumer Discretionary,Realty,Realty,Residential Commercial Projects
GANGAFORGE,Ganga Forging Limited,EQ,INE691Z01023,Industrials,Capital Goods,Industrial Products,Castings & Forgings
GANGESSECU,Ganges Securities Limited,EQ,INE335W01016,Fast Moving Consumer Goods,Fast Moving Consumer Goods,Agricultural Food & other Products,Tea & Coffee
GARFIBRES,Garware Technical Fibres Limited,EQ,INE276A01018,Consumer Discretionary,Textiles,Textiles & Apparels,Other Textile Products
GARUDA,Garuda Construction and Engineering Limited,EQ,INE0JVO01026,Consumer Discretionary,Realty,Realty,Residential Commercial Projects
GATECH,GACM Technologies Limited,EQ,INE224E01028,Financial Services,Financial Services,Finance,Other Financial Services
GATECHDVR,GACM Technologies Limited,EQ,INE224E01036,Financial Services,Financial Services,Finance,Other Financial Services
GATEWAY,Gateway Distriparks Limited,EQ,INE079J01017,Services,Services,Transport Services,Logistics Solution Provider
GAUDIUMIVF,Gaudium IVF and Women Health Limited,BE,INE0P8B01020,Healthcare,Healthcare,Healthcare Services,Healthcare Service Provider
GAYAHWS,Gayatri Highways Limited,EQ,INE287Z01012,Services,Services,Transport Infrastructure,Road Assets - Toll Annuity Hybrid-Annuity
GAYAPROJ,Gayatri Projects Limited,BE,INE336H01023,Industrials,Construction,Construction,Civil Construction
GCSL,Gretex Corporate Services Limited,EQ,INE199P01028,Financial Services,Financial Services,Capital Markets,Other Capital Market related Services
GEECEE,GeeCee Ventures Limited,BE,INE916G01016,Consumer Discretionary,Realty,Realty,Residential Commercial Projects
GEEKAYWIRE,Geekay Wires Limited,EQ,INE669X01032,Industrials,Capital Goods,Industrial Products,Iron & Steel Products
GEMAROMA,Gem Aromatics Limited,EQ,INE06XZ01023,Commodities,Chemicals,Chemicals & Petrochemicals,Specialty Chemicals
GENCON,Generic Engineering Construction and Projects Limited,EQ,INE854S01022,Consumer Discretionary,Realty,Realty,Residential Commercial Projects
GENESYS,Genesys International Corporation Limited,EQ,INE727B01026,Information Technology,Information Technology,IT - Services,IT Enabled Services
GENUSPAPER,Genus Paper & Boards Limited,EQ,INE949P01018,Commodities,Forest Materials,Paper Forest & Jute Products,Paper & Paper Products
GENUSPOWER,Genus Power Infrastructures Limited,EQ,INE955D01029,Industrials,Capital Goods,Electrical Equipment,Other Electrical Equipment
GEOJITFSL,Geojit Financial Services Limited,EQ,INE007B01023,Financial Services,Financial Services,Capital Markets,Stockbroking & Allied
GESHIP,The Great Eastern Shipping Company Limited,EQ,INE017A01032,Services,Services,Transport Services,Shipping
GFLLIMITED,GFL Limited,EQ,INE538A01037,Financial Services,Financial Services,Finance,Holding Company
GHCL,GHCL Limited,EQ,INE539A01019,Commodities,Chemicals,Chemicals & Petrochemicals,Commodity Chemicals
GHCLTEXTIL,GHCL Textiles Limited,EQ,INE0PA801013,Consumer Discretionary,Textiles,Textiles & Apparels,Other Textile Products
GICHSGFIN,GIC Housing Finance Limited,EQ,INE289B01019,Financial Services,Financial Services,Finance,Housing Finance Company
GICL,Globe International Carriers Limited,EQ,INE947T01022,Services,Services,Transport Services,Logistics Solution Provider
GICRE,General Insurance Corporation of India,EQ,INE481Y01014,Financial Services,Financial Services,Insurance,General Insurance
GILLANDERS,Gillanders Arbuthnot & Company Limited,EQ,INE047B01011,Diversified,Diversified,Diversified,Diversified
GILLETTE,Gillette India Limited,EQ,INE322A01010,Fast Moving Consumer Goods,Fast Moving Consumer Goods,Personal Products,Personal Care
GINNIFILA,Ginni Filaments Limited,EQ,INE424C01010,Consumer Discretionary,Textiles,Textiles & Apparels,Other Textile Products
GIPCL,Gujarat Industries Power Company Limited,EQ,INE162A01010,Utilities,Power,Power,Power Generation
GKENERGY,GK Energy Limited,EQ,INE1AG301022,Industrials,Construction,Construction,Civil Construction
GKSL,Gujarat Kidney And Super Speciality Limited,EQ,INE0V0W01025,Healthcare,Healthcare,Healthcare Services,Hospital
GKWLIMITED,GKW Limited,EQ,INE528A01020,Financial Services,Financial Services,Finance,Investment Company
GLAND,Gland Pharma Limited,EQ,INE068V01023,Healthcare,Healthcare,Pharmaceuticals & Biotechnology,Pharmaceuticals
GLAXO,GlaxoSmithKline Pharmaceuticals Limited,EQ,INE159A01016,Healthcare,Healthcare,Pharmaceuticals & Biotechnology,Pharmaceuticals
GLENMARK,Glenmark Pharmaceuticals Limited,EQ,INE935A01035,Healthcare,Healthcare,Pharmaceuticals & Biotechnology,Pharmaceuticals
GLFL,Gujarat Lease Financing Limited,BE,INE540A01017,Financial Services,Financial Services,Finance,Other Financial Services
GLOBAL,Global Education Limited,EQ,INE291W01037,Consumer Discretionary,Consumer Services,Other Consumer Services,Education
GLOBALE,Globale Tessile Limited,BE,INE0URU01010,Consumer Discretionary,Textiles,Textiles & Apparels,Trading - Textile Products
GLOBALVECT,Global Vectra Helicorp Limited,EQ,INE792H01019,Services,Services,Transport Services,Airline
GLOBE,GLOBE ENTERPRISES (INDIA) LIMITED,EQ,INE581X01021,Consumer Discretionary,Textiles,Textiles & Apparels,Other Textile Products
GLOBECIVIL,Globe Civil Projects Limited,BE,INE0V3U01015,Industrials,Construction,Construction,Civil Construction
GLOBUSSPR,Globus Spirits Limited,EQ,INE615I01010,Fast Moving Consumer Goods,Fast Moving Consumer Goods,Beverages,Breweries & Distilleries
GLOSTERLTD,Gloster Limited,EQ,INE350Z01018,Commodities,Forest Materials,Paper Forest & Jute Products,Jute & Jute Products
GLOTTIS,Glottis Limited,BE,INE0TQE01026,Services,Services,Transport Services,Logistics Solution Provider
GMBREW,GM Breweries Limited,EQ,INE075D01018,Fast Moving Consumer Goods,Fast Moving Consumer Goods,Beverages,Breweries & Distilleries
GMDCLTD,Gujarat Mineral Development Corporation Limited,EQ,INE131A01031,Commodities,Metals & Mining,Minerals & Mining,Industrial Minerals
GMMPFAUDLR,GMM Pfaudler Limited,EQ,INE541A01023,Industrials,Capital Goods,Industrial Manufacturing,Industrial Products
GMRAIRPORT,GMR AIRPORTS LIMITED,EQ,INE776C01039,Services,Services,Transport Infrastructure,Airport & Airport services
GMRP&UI,GMR Power and Urban Infra Limited,EQ,INE0CU601026,Utilities,Power,Power,Power Generation
GNA,GNA Axles Limited,EQ,INE934S01014,Consumer Discretionary,Automobile and Auto Components,Auto Components,Auto Components & Equipments
GNFC,Gujarat Narmada Valley Fertilizers and Chemicals Limited,EQ,INE113A01013,Commodities,Chemicals,Chemicals & Petrochemicals,Commodity Chemicals
GNRL,Gujarat Natural Resources Limited,EQ,INE207H01018,Energy,Oil Gas & Consumable Fuels,Oil,Oil Exploration & Production
GOACARBON,Goa Carbon Limited,EQ,INE426D01013,Commodities,Metals & Mining,Minerals & Mining,Industrial Minerals
GOCLCORP,GOCL Corporation Limited,EQ,INE077F01035,Commodities,Chemicals,Chemicals & Petrochemicals,Explosives
GOCOLORS,Go Fashion (India) Limited,EQ,INE0BJS01011,Consumer Discretionary,Consumer Services,Retailing,Speciality Retail
GODAVARIB,Godavari Biorefineries Limited,EQ,INE497S01012,Fast Moving Consumer Goods,Fast Moving Consumer Goods,Diversified FMCG,Diversified FMCG
GODFRYPHLP,Godfrey Phillips India Limited,EQ,INE260B01028,Fast Moving Consumer Goods,Fast Moving Consumer Goods,Cigarettes & Tobacco Products,Cigarettes & Tobacco Products
GODIGIT,Go Digit General Insurance Limited,EQ,INE03JT01014,Financial Services,Financial Services,Insurance,General Insurance
GODREJAGRO,Godrej Agrovet Limited,EQ,INE850D01014,Fast Moving Consumer Goods,Fast Moving Consumer Goods,Food Products,Animal Feed
GODREJCP,Godrej Consumer Products Limited,EQ,INE102D01028,Fast Moving Consumer Goods,Fast Moving Consumer Goods,Personal Products,Personal Care
GODREJIND,Godrej Industries Limited,EQ,INE233A01035,Diversified,Diversified,Diversified,Diversified
GODREJPROP,Godrej Properties Limited,EQ,INE484J01027,Consumer Discretionary,Realty,Realty,Residential Commercial Projects
GOKEX,Gokaldas Exports Limited,EQ,INE887G01027,Consumer Discretionary,Textiles,Textiles & Apparels,Garments & Apparels
GOKUL,Gokul Refoils and Solvent Limited,EQ,INE020J01029,Fast Moving Consumer Goods,Fast Moving Consumer Goods,Agricultural Food & other Products,Edible Oil
GOKULAGRO,Gokul Agro Resources Limited,EQ,INE314T01033,Fast Moving Consumer Goods,Fast Moving Consumer Goods,Agricultural Food & other Products,Edible Oil
GOLDENTOBC,Golden Tobacco Limited,BZ,INE973A01010,Consumer Discretionary,Realty,Realty,Residential Commercial Projects
GOLDIAM,Goldiam International Limited,EQ,INE025B01025,Consumer Discretionary,Consumer Durables,Consumer Durables,Gems Jewellery And Watches
GOLDTECH,AION-TECH SOLUTIONS LIMITED,BE,INE805A01014,Information Technology,Information Technology,IT - Software,Software Products
GOODLUCK,Goodluck India Limited,EQ,INE127I01024,Industrials,Capital Goods,Industrial Products,Iron & Steel Products
GOODYEAR,Goodyear India Limited,EQ,INE533A01012,Consumer Discretionary,Automobile and Auto Components,Auto Components,Tyres & Rubber Products
GOPAL,Gopal Snacks Limited,EQ,INE0L9R01028,Fast Moving Consumer Goods,Fast Moving Consumer Goods,Food Products,Packaged Foods
GOYALALUM,Goyal Aluminiums Limited,EQ,INE705X01026,Services,Services,Commercial Services & Supplies,Trading & Distributors
GPIL,Godawari Power And Ispat limited,EQ,INE177H01039,Industrials,Capital Goods,Industrial Products,Iron & Steel Products
GPPL,Gujarat Pipavav Port Limited,EQ,INE517F01014,Services,Services,Transport Infrastructure,Port & Port services
GPTHEALTH,GPT Healthcare Limited,EQ,INE486R01017,Healthcare,Healthcare,Healthcare Services,Hospital
GPTINFRA,GPT Infraprojects Limited,EQ,INE390G01014,Industrials,Construction,Construction,Civil Construction
GRADIENTE,Gradiente Infotainment Limited,EQ,INE361K01017,Consumer Discretionary,Media Entertainment & Publication,Entertainment,Media & Entertainment
GRANDOAK,Grand Oak Canyons Distillery Limited,EQ,INE926B01016,Financial Services,Financial Services,Finance,Non Banking Financial Company (NBFC)
GRANULES,Granules India Limited,EQ,INE101D01020,Healthcare,Healthcare,Pharmaceuticals & Biotechnology,Pharmaceuticals
GRAPHITE,Graphite India Limited,EQ,INE371A01025,Industrials,Capital Goods,Industrial Products,Electrodes & Refractories
GRASIM,Grasim Industries Limited,EQ,INE047A01021,Commodities,Construction Materials,Cement & Cement Products,Cement & Cement Products
GRAUWEIL,Grauer & Weil India Limited,EQ,INE266D01021,Commodities,Chemicals,Chemicals & Petrochemicals,Commodity Chemicals
GRAVISSHO,Graviss Hospitality Limited,EQ,INE214F01026,Consumer Discretionary,Consumer Services,Leisure Services,Hotels & Resorts
GRAVITA,Gravita India Limited,EQ,INE024L01027,Commodities,Metals & Mining,Minerals & Mining,Industrial Minerals
GREAVESCOT,Greaves Cotton Limited,EQ,INE224A01026,Industrials,Capital Goods,Industrial Products,Compressors Pumps & Diesel Engines
GREENLAM,Greenlam Industries Limited,EQ,INE544R01021,Consumer Discretionary,Consumer Durables,Consumer Durables,Plywood Boards/ Laminates
GREENPANEL,Greenpanel Industries Limited,EQ,INE08ZM01014,Consumer Discretionary,Consumer Durables,Consumer Durables,Plywood Boards/ Laminates
GREENPLY,Greenply Industries Limited,EQ,INE461C01038,Consumer Discretionary,Consumer Durables,Consumer Durables,Plywood Boards/ Laminates
GREENPOWER,Orient Green Power Company Limited,EQ,INE999K01014,Utilities,Power,Power,Power Generation
GRINDWELL,Grindwell Norton Limited,EQ,INE536A01023,Industrials,Capital Goods,Industrial Products,Abrasives & Bearings
GRINFRA,G R Infraprojects Limited,EQ,INE201P01022,Industrials,Construction,Construction,Civil Construction
GRMOVER,GRM Overseas Limited,EQ,INE192H01020,Fast Moving Consumer Goods,Fast Moving Consumer Goods,Agricultural Food & other Products,Other Agricultural Products
GROBTEA,The Grob Tea Company Limited,EQ,INE646C01018,Fast Moving Consumer Goods,Fast Moving Consumer Goods,Agricultural Food & other Products,Tea & Coffee
GROWW,Billionbrains Garage Ventures Limited,EQ,INE0HOQ01053,Financial Services,Financial Services,Capital Markets,Stockbroking & Allied
GRPLTD,GRP Limited,EQ,INE137I01015,Industrials,Capital Goods,Industrial Products,Rubber
GRSE,Garden Reach Shipbuilders & Engineers Limited,EQ,INE382Z01011,Industrials,Capital Goods,Aerospace & Defense,Aerospace & Defense
GRWRHITECH,Garware Hi-Tech Films Limited,EQ,INE291A01017,Industrials,Capital Goods,Industrial Products,Plastic Products - Industrial
GSFC,Gujarat State Fertilizers & Chemicals Limited,EQ,INE026A01025,Commodities,Chemicals,Fertilizers & Agrochemicals,Fertilizers
GSLSU,Global Surfaces Limited,EQ,INE0JSX01015,Consumer Discretionary,Consumer Durables,Consumer Durables,Granites & Marbles
GSPCROP,GSP Crop Science Limited,EQ,INE713R01022,Commodities,Chemicals,Fertilizers & Agrochemicals,Pesticides & Agrochemicals
GSS,GSS Infotech Limited,BE,INE871H01011,Information Technology,Information Technology,IT - Services,IT Enabled Services
GTECJAINX,G-TEC JAINX EDUCATION LIMITED,BE,INE586X01012,Consumer Discretionary,Consumer Services,Other Consumer Services,E-Learning
GTL,GTL Limited,EQ,INE043A01012,Telecommunication,Telecommunication,Telecom - Services,Other Telecom Services
GTLINFRA,GTL Infrastructure Limited,EQ,INE221H01019,Telecommunication,Telecommunication,Telecom - Services,Telecom - Infrastructure
GTPL,GTPL Hathway Limited,EQ,INE869I01013,Consumer Discretionary,Media Entertainment & Publication,Entertainment,TV Broadcasting & Software Production
GUFICBIO,Gufic Biosciences Limited,EQ,INE742B01025,Healthcare,Healthcare,Pharmaceuticals & Biotechnology,Pharmaceuticals
GUJALKALI,Gujarat Alkalies and Chemicals Limited,EQ,INE186A01019,Commodities,Chemicals,Chemicals & Petrochemicals,Commodity Chemicals
GUJAPOLLO,Gujarat Apollo Industries Limited,EQ,INE826C01016,Industrials,Capital Goods,Industrial Manufacturing,Industrial Products
GUJENERGY,GUJARAT ENERGY LIMITED,BE,INE844O01030,Energy,Oil Gas & Consumable Fuels,Gas,LPG/CNG/PNG/LNG Supplier
GUJRAFFIA,Gujarat Raffia Industries Limited,EQ,INE610B01024,Industrials,Capital Goods,Industrial Products,Packaging
GUJTHEM,Gujarat Themis Biosyn Limited,EQ,INE942C01045,Healthcare,Healthcare,Pharmaceuticals & Biotechnology,Pharmaceuticals
GULFOILLUB,Gulf Oil Lubricants India Limited,EQ,INE635Q01029,Energy,Oil Gas & Consumable Fuels,Petroleum Products,Lubricants
GULFPETRO,GP Petroleums Limited,BE,INE586G01017,Energy,Oil Gas & Consumable Fuels,Petroleum Products,Lubricants
GULPOLY,Gulshan Polyols Limited,EQ,INE255D01024,Fast Moving Consumer Goods,Fast Moving Consumer Goods,Agricultural Food & other Products,Other Agricultural Products
GVKPIL,GVK Power & Infrastructure Limited,BE,INE251H01024,Utilities,Power,Power,Power Generation
GVPIL,GE Power India Limited,EQ,INE878A01011,Industrials,Capital Goods,Electrical Equipment,Heavy Electrical Equipment
GVPTECH,GVP Infotech Limited,EQ,INE382T01030,Information Technology,Information Technology,IT - Services,IT Enabled Services
GVT&D,GE Vernova T&D India Limited,EQ,INE200A01026,Industrials,Capital Goods,Electrical Equipment,Heavy Electrical Equipment
HAL,Hindustan Aeronautics Limited,EQ,INE066F01020,Industrials,Capital Goods,Aerospace & Defense,Aerospace & Defense
HALDER,Halder Venture Limited,EQ,INE115S01010,Fast Moving Consumer Goods,Fast Moving Consumer Goods,Agricultural Food & other Products,Edible Oil
HALDYNGL,Haldyn Glass Limited,BE,INE506D01020,Industrials,Capital Goods,Industrial Products,Packaging
HALEOSLABS,HALEOS LABS LIMITED,EQ,INE320X01016,Healthcare,Healthcare,Pharmaceuticals & Biotechnology,Pharmaceuticals
HAPPSTMNDS,Happiest Minds Technologies Limited,EQ,INE419U01012,Information Technology,Information Technology,IT - Software,Computers - Software & Consulting
HAPPYFORGE,Happy Forgings Limited,EQ,INE330T01021,Industrials,Capital Goods,Industrial Products,Castings & Forgings
HARDWYN,Hardwyn India Limited,EQ,INE626Z01029,Consumer Discretionary,Consumer Durables,Consumer Durables,Furniture Home Furnishing
HARIOMPIPE,Hariom Pipe Industries Limited,EQ,INE00EV01017,Industrials,Capital Goods,Industrial Products,Iron & Steel Products
HARRMALAYA,Harrisons  Malayalam Limited,EQ,INE544A01019,Industrials,Capital Goods,Industrial Products,Rubber
HARSHA,Harsha Engineers International Limited,EQ,INE0JUS01029,Industrials,Capital Goods,Industrial Products,Other Industrial Products
HATHWAY,Hathway Cable & Datacom Limited,EQ,INE982F01036,Consumer Discretionary,Media Entertainment & Publication,Entertainment,TV Broadcasting & Software Production
HATSUN,Hatsun Agro Product Limited,EQ,INE473B01035,Fast Moving Consumer Goods,Fast Moving Consumer Goods,Food Products,Dairy Products
HAVELLS,Havells India Limited,EQ,INE176B01034,Consumer Discretionary,Consumer Durables,Consumer Durables,Consumer Electronics
HAVISHA,Sri Havisha Hospitality and Infrastructure Limited,EQ,INE293B01029,Consumer Discretionary,Consumer Services,Leisure Services,Hotels & Resorts
HAWKINCOOK,Hawkins Cookers Limited,EQ,INE979B01015,Consumer Discretionary,Consumer Durables,Consumer Durables,Houseware
HBESD,HB Estate Developers Limited,EQ,INE640B01021,Consumer Discretionary,Realty,Realty,Residential Commercial Projects
HBLENGINE,HBL Engineering Limited,EQ,INE292B01021,Industrials,Capital Goods,Industrial Products,Other Industrial Products
HBSL,HB Stockholdings Limited,BE,INE550B01022,Financial Services,Financial Services,Finance,Non Banking Financial Company (NBFC)
HCC,Hindustan Construction Company Limited,EQ,INE549A01026,Industrials,Construction,Construction,Civil Construction
HCG,Healthcare Global Enterprises Limited,EQ,INE075I01017,Healthcare,Healthcare,Healthcare Services,Hospital
HCL-INSYS,HCL Infosystems Limited,EQ,INE236A01020,Information Technology,Information Technology,IT - Hardware,Computers Hardware & Equipments
HCLTECH,HCL Technologies Limited,EQ,INE860A01027,Information Technology,Information Technology,IT - Software,Computers - Software & Consulting
HDBFS,HDB Financial Services Limited,EQ,INE756I01012,Financial Services,Financial Services,Finance,Non Banking Financial Company (NBFC)
HDFCAMC,HDFC Asset Management Company Limited,EQ,INE127D01025,Financial Services,Financial Services,Capital Markets,Asset Management Company
HDFCBANK,HDFC Bank Limited,EQ,INE040A01034,Financial Services,Financial Services,Banks,Private Sector Bank
HDFCLIFE,HDFC Life Insurance Company Limited,EQ,INE795G01014,Financial Services,Financial Services,Insurance,Life Insurance
HDIL,Housing Development and Infrastructure Limited,BZ,INE191I01012,Consumer Discretionary,Realty,Realty,Residential Commercial Projects
HEADSUP,Heads UP Ventures Limited,EQ,INE759V01019,Consumer Discretionary,Textiles,Textiles & Apparels,Garments & Apparels
HEALTHX,Health X Platform Limited,EQ,INE019J01013,Healthcare,Healthcare,Healthcare Services,Healthcare Service Provider
HECPROJECT,HEC Infra Projects Limited,EQ,INE558R01013,Industrials,Construction,Construction,Civil Construction
HEG,HEG Limited,EQ,INE545A01024,Industrials,Capital Goods,Industrial Products,Electrodes & Refractories
HEIDELBERG,HeidelbergCement India Limited,EQ,INE578A01017,Commodities,Construction Materials,Cement & Cement Products,Cement & Cement Products
HEMIPROP,Hemisphere Properties India Limited,EQ,INE0AJG01018,Services,Services,Commercial Services & Supplies,Diversified Commercial Services
HERANBA,Heranba Industries Limited,EQ,INE694N01015,Commodities,Chemicals,Fertilizers & Agrochemicals,Pesticides & Agrochemicals
HERITGFOOD,Heritage Foods Limited,EQ,INE978A01027,Fast Moving Consumer Goods,Fast Moving Consumer Goods,Food Products,Dairy Products
HEROMOTOCO,Hero MotoCorp Limited,EQ,INE158A01026,Consumer Discretionary,Automobile and Auto Components,Automobiles,2/3 Wheelers
HESTERBIO,Hester Biosciences Limited,EQ,INE782E01017,Healthcare,Healthcare,Pharmaceuticals & Biotechnology,Pharmaceuticals
HEXAGON,Hexagon Nutrition Limited,EQ,INE0JUI01012,Fast Moving Consumer Goods,Fast Moving Consumer Goods,Food Products,Other Food Products
HEXATRADEX,Hexa Tradex Limited,EQ,INE750M01017,Financial Services,Financial Services,Finance,Investment Company
HEXT,Hexaware Technologies Limited,EQ,INE093A01041,Information Technology,Information Technology,IT - Software,Computers - Software & Consulting
HFCL,HFCL Limited,EQ,INE548A01028,Telecommunication,Telecommunication,Telecom - Services,Telecom - Infrastructure
HGINFRA,H.G. Infra Engineering Limited,EQ,INE926X01010,Industrials,Construction,Construction,Civil Construction
HGM,HandsOn Global Management (HGM) Limited,EQ,INE596H01014,Information Technology,Information Technology,IT - Services,IT Enabled Services
HGS,Hinduja Global Solutions Limited,EQ,INE170I01016,Services,Services,Commercial Services & Supplies,Business Process Outsourcing (BPO)/ Knowledge Process Outsourcing (KPO)
HIKAL,Hikal Limited,EQ,INE475B01022,Healthcare,Healthcare,Pharmaceuticals & Biotechnology,Pharmaceuticals
HILINFRA,Highway Infrastructure Limited,BE,INE00RL01028,Services,Services,Transport Infrastructure,Road Assets - Toll Annuity Hybrid-Annuity
HILTON,Hilton Metal Forging Limited,BE,INE788H01017,Industrials,Capital Goods,Industrial Products,Castings & Forgings
HIMATSEIDE,Himatsingka Seide Limited,EQ,INE049A01027,Consumer Discretionary,Textiles,Textiles & Apparels,Other Textile Products
HINDALCO,Hindalco Industries Limited,EQ,INE038A01020,Commodities,Metals & Mining,Non - Ferrous Metals,Aluminium
HINDCOMPOS,Hindustan Composites Limited,EQ,INE310C01029,Consumer Discretionary,Automobile and Auto Components,Auto Components,Auto Components & Equipments
HINDCON,Hindcon Chemicals Limited,BE,INE642Y01029,Commodities,Chemicals,Chemicals & Petrochemicals,Specialty Chemicals
HINDCOPPER,Hindustan Copper Limited,EQ,INE531E01026,Commodities,Metals & Mining,Non - Ferrous Metals,Copper
HINDOILEXP,Hindustan Oil Exploration Company Limited,EQ,INE345A01011,Energy,Oil Gas & Consumable Fuels,Oil,Oil Exploration & Production
HINDPETRO,Hindustan Petroleum Corporation Limited,EQ,INE094A01015,Energy,Oil Gas & Consumable Fuels,Petroleum Products,Refineries & Marketing
HINDUNILVR,Hindustan Unilever Limited,EQ,INE030A01027,Fast Moving Consumer Goods,Fast Moving Consumer Goods,Diversified FMCG,Diversified FMCG
HINDWAREAP,Hindware Home Innovation Limited,EQ,INE05AN01011,Consumer Discretionary,Consumer Durables,Consumer Durables,Sanitary Ware
HINDZINC,Hindustan Zinc Limited,EQ,INE267A01025,Commodities,Metals & Mining,Non - Ferrous Metals,Zinc
HIRECT,Hind Rectifiers Limited,EQ,INE835D01023,Industrials,Capital Goods,Industrial Manufacturing,Industrial Products
HISARMETAL,Hisar Metal Industries Limited,EQ,INE598C01011,Industrials,Capital Goods,Industrial Products,Iron & Steel Products
HITECH,Hi-Tech Pipes Limited,EQ,INE106T01025,Industrials,Capital Goods,Industrial Products,Iron & Steel Products
HITECHCORP,Hitech Corporation Limited,BE,INE120D01012,Industrials,Capital Goods,Industrial Products,Packaging
HITECHGEAR,The Hi-Tech Gears Limited,BE,INE127B01011,Consumer Discretionary,Automobile and Auto Components,Auto Components,Auto Components & Equipments
HLEGLAS,HLE Glascoat Limited,EQ,INE461D01028,Industrials,Capital Goods,Industrial Manufacturing,Industrial Products
HLVLTD,HLV LIMITED,EQ,INE102A01024,Consumer Discretionary,Consumer Services,Leisure Services,Hotels & Resorts
HMAAGRO,HMA Agro Industries Limited,EQ,INE0ECP01024,Fast Moving Consumer Goods,Fast Moving Consumer Goods,Food Products,Meat Products including Poultry
HMT,HMT Limited,BZ,INE262A01018,Industrials,Capital Goods,Industrial Manufacturing,Industrial Products
HMVL,Hindustan Media Ventures Limited,EQ,INE871K01015,Consumer Discretionary,Media Entertainment & Publication,Media,Print Media
HNDFDS,Hindustan Foods Limited,EQ,INE254N01026,Fast Moving Consumer Goods,Fast Moving Consumer Goods,Diversified FMCG,Diversified FMCG
HOMEFIRST,Home First Finance Company India Limited,EQ,INE481N01025,Financial Services,Financial Services,Finance,Housing Finance Company
HONASA,Honasa Consumer Limited,EQ,INE0J5401028,Fast Moving Consumer Goods,Fast Moving Consumer Goods,Personal Products,Personal Care
HONAUT,Honeywell Automation India Limited,EQ,INE671A01010,Industrials,Capital Goods,Industrial Manufacturing,Industrial Products
HONDAPOWER,Honda India Power Products Limited,EQ,INE634A01018,Industrials,Capital Goods,Industrial Manufacturing,Industrial Products
HPAL,HP Adhesives Limited,EQ,INE0GSL01024,Commodities,Chemicals,Chemicals & Petrochemicals,Specialty Chemicals
HPIL,Hindprakash Industries Limited,EQ,INE05X901010,Commodities,Chemicals,Chemicals & Petrochemicals,Dyes And Pigments
HPL,HPL Electric & Power Limited,EQ,INE495S01016,Industrials,Capital Goods,Industrial Manufacturing,Industrial Products
HSCL,Himadri Speciality Chemical Limited,EQ,INE019C01026,Commodities,Chemicals,Chemicals & Petrochemicals,Carbon Black
HTMEDIA,HT Media Limited,EQ,INE501G01024,Consumer Discretionary,Media Entertainment & Publication,Media,Print Media
HUBTOWN,Hubtown Limited,EQ,INE703H01016,Consumer Discretionary,Realty,Realty,Residential Commercial Projects
HUDCO,Housing & Urban Development Corporation Limited,EQ,INE031A01017,Financial Services,Financial Services,Finance,Financial Institution
HUHTAMAKI,Huhtamaki India Limited,EQ,INE275B01026,Industrials,Capital Goods,Industrial Products,Packaging
HYBRIDFIN,Hybrid Financial Services Limited,BE,INE965B01022,Financial Services,Financial Services,Capital Markets,Stockbroking & Allied
HYUNDAI,Hyundai Motor India Limited,EQ,INE0V6F01027,Consumer Discretionary,Automobile and Auto Components,Automobiles,Passenger Cars & Utility Vehicles
IBULLSLTD,Indiabulls Limited,BE,INE126M01010,Services,Services,Commercial Services & Supplies,Diversified Commercial Services
ICDSLTD,ICDS Limited,EQ,INE613B01010,Services,Services,Commercial Services & Supplies,Diversified Commercial Services
ICEMAKE,Ice Make Refrigeration Limited,EQ,INE520Y01019,Industrials,Capital Goods,Industrial Manufacturing,Industrial Products
ICICIAMC,ICICI Prudential Asset Management Company Limited,EQ,INE346A01027,Financial Services,Financial Services,Capital Markets,Asset Management Company
ICICIBANK,ICICI Bank Limited,EQ,INE090A01021,Financial Services,Financial Services,Banks,Private Sector Bank
ICICIGI,ICICI Lombard General Insurance Company Limited,EQ,INE765G01017,Financial Services,Financial Services,Insurance,General Insurance
ICICIPRULI,ICICI Prudential Life Insurance Company Limited,EQ,INE726G01019,Financial Services,Financial Services,Insurance,Life Insurance
ICIL,Indo Count Industries Limited,EQ,INE483B01026,Consumer Discretionary,Textiles,Textiles & Apparels,Other Textile Products
ICRA,ICRA Limited,EQ,INE725G01011,Financial Services,Financial Services,Capital Markets,Ratings
IDBI,IDBI Bank Limited,EQ,INE008A01015,Financial Services,Financial Services,Banks,Private Sector Bank
IDEA,Vodafone Idea Limited,EQ,INE669E01016,Telecommunication,Telecommunication,Telecom - Services,Telecom - Cellular & Fixed line services
IDEAFORGE,Ideaforge Technology Limited,BE,INE349Y01013,Industrials,Capital Goods,Aerospace & Defense,Aerospace & Defense
IDFCFIRSTB,IDFC First Bank Limited,EQ,INE092T01019,Financial Services,Financial Services,Banks,Private Sector Bank
IEX,Indian Energy Exchange Limited,EQ,INE022Q01020,Financial Services,Financial Services,Capital Markets,Exchange and Data Platform
IFBAGRO,IFB Agro Industries Limited,BE,INE076C01018,Fast Moving Consumer Goods,Fast Moving Consumer Goods,Beverages,Breweries & Distilleries
IFBIND,IFB Industries Limited,EQ,INE559A01017,Consumer Discretionary,Consumer Durables,Consumer Durables,Household Appliances
IFCI,IFCI Limited,EQ,INE039A01010,Financial Services,Financial Services,Finance,Financial Institution
IFGLEXPOR,IFGL Refractories Limited,EQ,INE133Y01011,Industrials,Capital Goods,Industrial Products,Electrodes & Refractories
IGARASHI,Igarashi Motors India Limited,EQ,INE188B01013,Consumer Discretionary,Automobile and Auto Components,Auto Components,Auto Components & Equipments
IGCL,Indogulf Cropsciences Limited,EQ,INE05J901018,Commodities,Chemicals,Fertilizers & Agrochemicals,Pesticides & Agrochemicals
IGIL,International Gemological Institute Limited,EQ,INE0Q9301021,Services,Services,Commercial Services & Supplies,Diversified Commercial Services
IGL,Indraprastha Gas Limited,EQ,INE203G01027,Energy,Oil Gas & Consumable Fuels,Gas,LPG/CNG/PNG/LNG Supplier
IGPL,IG Petrochemicals Limited,EQ,INE204A01010,Commodities,Chemicals,Chemicals & Petrochemicals,Commodity Chemicals
IIFL,IIFL Finance Limited,EQ,INE530B01024,Financial Services,Financial Services,Finance,Non Banking Financial Company (NBFC)
IIFLCAPS,IIFL Capital Services Limited,EQ,INE489L01022,Financial Services,Financial Services,Capital Markets,Stockbroking & Allied
IITL,Industrial Investment Trust Limited,EQ,INE886A01014,Financial Services,Financial Services,Finance,Investment Company
IKIO,IKIO Technologies Limited,EQ,INE0LOJ01019,Consumer Discretionary,Consumer Durables,Consumer Durables,Consumer Electronics
IKS,Inventurus Knowledge Solutions Limited,EQ,INE115Q01022,Information Technology,Information Technology,IT - Services,IT Enabled Services
IL&FSENGG,IL&FS Engineering and Construction Company Limited,BZ,INE369I01014,Industrials,Construction,Construction,Civil Construction
IL&FSTRANS,IL&FS Transportation Networks Limited,BZ,INE975G01012,Industrials,Construction,Construction,Civil Construction
IMAGICAA,Imagicaaworld Entertainment Limited,EQ,INE172N01012,Consumer Discretionary,Consumer Services,Leisure Services,Amusement Parks/ Other Recreation
IMFA,Indian Metals & Ferro Alloys Limited,EQ,INE919H01018,Commodities,Metals & Mining,Ferrous Metals,Ferro & Silica Manganese
IMPAL,India Motor Parts and Accessories Limited,EQ,INE547E01014,Consumer Discretionary,Automobile and Auto Components,Auto Components,Trading - Auto Components
INA,Insolation Energy Limited,EQ,INE0LGX01024,Industrials,Capital Goods,Electrical Equipment,Other Electrical Equipment
INCREDIBLE,INCREDIBLE INDUSTRIES LIMITED,EQ,INE452L01012,Industrials,Capital Goods,Industrial Products,Iron & Steel Products
INDBANK,Indbank Merchant Banking Services Limited,EQ,INE841B01017,Financial Services,Financial Services,Capital Markets,Stockbroking & Allied
INDGN,Indegene Limited,EQ,INE065X01017,Healthcare,Healthcare,Healthcare Services,Healthcare Research Analytics & Technology
INDHOTEL,The Indian Hotels Company Limited,EQ,INE053A01029,Consumer Discretionary,Consumer Services,Leisure Services,Hotels & Resorts
INDIACEM,The India Cements Limited,EQ,INE383A01012,Commodities,Construction Materials,Cement & Cement Products,Cement & Cement Products
INDIAGLYCO,India Glycols Limited,EQ,INE560A01023,Fast Moving Consumer Goods,Fast Moving Consumer Goods,Beverages,Breweries & Distilleries
INDIAMART,Indiamart Intermesh Limited,EQ,INE933S01016,Consumer Discretionary,Consumer Services,Retailing,Internet & Catalogue Retail
INDIANB,Indian Bank,EQ,INE562A01011,Financial Services,Financial Services,Banks,Public Sector Bank
INDIANCARD,Indian Card Clothing Company Limited,EQ,INE061A01014,Consumer Discretionary,Textiles,Textiles & Apparels,Other Textile Products
INDIANHUME,Indian Hume Pipe Company Limited,EQ,INE323C01030,Industrials,Construction,Construction,Civil Construction
INDIASHLTR,India Shelter Finance Corporation Limited,EQ,INE922K01024,Financial Services,Financial Services,Finance,Housing Finance Company
INDIGO,InterGlobe Aviation Limited,EQ,INE646L01027,Services,Services,Transport Services,Airline
INDIGOPNTS,Indigo Paints Limited,EQ,INE09VQ01012,Consumer Discretionary,Consumer Durables,Consumer Durables,Paints
INDIQUBE,Indiqube Spaces Limited,EQ,INE06ST01018,Services,Services,Commercial Services & Supplies,Diversified Commercial Services
INDNIPPON,India Nippon Electricals Limited,EQ,INE092B01025,Consumer Discretionary,Automobile and Auto Components,Auto Components,Auto Components & Equipments
INDOAMIN,Indo Amines Limited,BE,INE760F01028,Commodities,Chemicals,Chemicals & Petrochemicals,Specialty Chemicals
INDOBORAX,Indo Borax & Chemicals Limited,EQ,INE803D01021,Commodities,Chemicals,Chemicals & Petrochemicals,Commodity Chemicals
INDOCO,Indoco Remedies Limited,EQ,INE873D01024,Healthcare,Healthcare,Pharmaceuticals & Biotechnology,Pharmaceuticals
INDOFARM,Indo Farm Equipment Limited,EQ,INE622H01018,Industrials,Capital Goods,Agricultural Commercial & Construction Vehicles,Construction Vehicles
INDORAMA,Indo Rama Synthetics (India) Limited,EQ,INE156A01020,Consumer Discretionary,Textiles,Textiles & Apparels,Other Textile Products
INDOSTAR,IndoStar Capital Finance Limited,EQ,INE896L01010,Financial Services,Financial Services,Finance,Non Banking Financial Company (NBFC)
INDOTECH,Indo Tech Transformers Limited,BE,INE332H01014,Industrials,Capital Goods,Electrical Equipment,Heavy Electrical Equipment
INDOTHAI,Indo Thai Securities Limited,EQ,INE337M01021,Financial Services,Financial Services,Capital Markets,Stockbroking & Allied
INDOUS,Indo Us Biotech Limited,EQ,INE250Z01010,Fast Moving Consumer Goods,Fast Moving Consumer Goods,Agricultural Food & other Products,Other Agricultural Products
INDOWIND,Indowind Energy Limited,BE,INE227G01018,Utilities,Power,Power,Power Generation
INDPRUD,Industrial & Prudential Investment Company Limited,EQ,INE620D01011,Financial Services,Financial Services,Finance,Investment Company
INDRAMEDCO,Indraprastha Medical Corporation Limited,EQ,INE681B01017,Healthcare,Healthcare,Healthcare Services,Hospital
INDSWFTLAB,Ind-Swift Laboratories Limited,EQ,INE915B01019,Healthcare,Healthcare,Pharmaceuticals & Biotechnology,Pharmaceuticals
INDTERRAIN,Indian Terrain Fashions Limited,EQ,INE611L01021,Consumer Discretionary,Textiles,Textiles & Apparels,Garments & Apparels
INDUSINDBK,IndusInd Bank Limited,EQ,INE095A01012,Financial Services,Financial Services,Banks,Private Sector Bank
INDUSTOWER,Indus Towers Limited,EQ,INE121J01017,Telecommunication,Telecommunication,Telecom - Services,Telecom - Infrastructure
INFOBEAN,InfoBeans Technologies Limited,EQ,INE344S01016,Information Technology,Information Technology,IT - Software,Computers - Software & Consulting
INFOMEDIA,Infomedia Press Limited,EQ,INE669A01022,Consumer Discretionary,Media Entertainment & Publication,Printing & Publication,Printing & Publication
INFY,Infosys Limited,EQ,INE009A01021,Information Technology,Information Technology,IT - Software,Computers - Software & Consulting
INGERRAND,Ingersoll Rand (India) Limited,EQ,INE177A01018,Industrials,Capital Goods,Industrial Products,Compressors Pumps & Diesel Engines
INNOVACAP,Innova Captab Limited,EQ,INE0DUT01020,Healthcare,Healthcare,Pharmaceuticals & Biotechnology,Pharmaceuticals
INNOVANA,Innovana Thinklabs Limited,EQ,INE403Y01018,Information Technology,Information Technology,IT - Software,Computers - Software & Consulting
INNOVISION,Innovision Limited,EQ,INE0ADB01012,Services,Services,Transport Infrastructure,Road Assets - Toll Annuity Hybrid-Annuity
INOXGREEN,Inox Green Energy Services Limited,EQ,INE510W01014,Services,Services,Commercial Services & Supplies,Diversified Commercial Services
INOXINDIA,INOX India Limited,EQ,INE616N01034,Industrials,Capital Goods,Industrial Products,Other Industrial Products
INOXWIND,Inox Wind Limited,EQ,INE066P01011,Industrials,Capital Goods,Electrical Equipment,Heavy Electrical Equipment
INSECTICID,Insecticides (India) Limited,EQ,INE070I01018,Commodities,Chemicals,Fertilizers & Agrochemicals,Pesticides & Agrochemicals
INSPIRISYS,Inspirisys Solutions Limited,BE,INE020G01017,Information Technology,Information Technology,IT - Services,IT Enabled Services
INTELLECT,Intellect Design Arena Limited,EQ,INE306R01017,Information Technology,Information Technology,IT - Software,Computers - Software & Consulting
INTENTECH,Intense Technologies Limited,EQ,INE781A01025,Information Technology,Information Technology,IT - Services,IT Enabled Services
INTERARCH,Interarch Building Solutions Limited,EQ,INE00M901018,Industrials,Construction,Construction,Civil Construction
INTLCONV,International Conveyors Limited,EQ,INE575C01027,Industrials,Capital Goods,Industrial Manufacturing,Industrial Products
INVENTURE,Inventure Growth & Securities Limited,EQ,INE878H01024,Financial Services,Financial Services,Capital Markets,Stockbroking & Allied
INVPRECQ,Investment & Precision Castings Limited,EQ,INE155E01016,Industrials,Capital Goods,Industrial Products,Castings & Forgings
IOB,Indian Overseas Bank,EQ,INE565A01014,Financial Services,Financial Services,Banks,Public Sector Bank
IOC,Indian Oil Corporation Limited,EQ,INE242A01010,Energy,Oil Gas & Consumable Fuels,Petroleum Products,Refineries & Marketing
IOLCP,IOL Chemicals and Pharmaceuticals Limited,EQ,INE485C01029,Healthcare,Healthcare,Pharmaceuticals & Biotechnology,Pharmaceuticals
IONEXCHANG,ION Exchange (India) Limited,EQ,INE570A01022,Utilities,Utilities,Other Utilities,Water Supply & Management
IPCALAB,IPCA Laboratories Limited,EQ,INE571A01038,Healthcare,Healthcare,Pharmaceuticals & Biotechnology,Pharmaceuticals
IPL,India Pesticides Limited,EQ,INE0D6701023,Commodities,Chemicals,Fertilizers & Agrochemicals,Pesticides & Agrochemicals
IRB,IRB Infrastructure Developers Limited,EQ,INE821I01022,Industrials,Construction,Construction,Civil Construction
IRCON,Ircon International Limited,EQ,INE962Y01021,Industrials,Construction,Construction,Civil Construction
IRCTC,Indian Railway Catering And Tourism Corporation Limited,EQ,INE335Y01020,Consumer Discretionary,Consumer Services,Leisure Services,Tour Travel Related Services
IREDA,Indian Renewable Energy Development Agency Limited,EQ,INE202E01016,Financial Services,Financial Services,Finance,Financial Institution
IRFC,Indian Railway Finance Corporation Limited,EQ,INE053F01010,Financial Services,Financial Services,Finance,Financial Institution
IRIS,IRIS RegTech Solutions Limited,EQ,INE864K01010,Information Technology,Information Technology,IT - Software,Software Products
IRISDOREME,Iris Clothings Limited,EQ,INE01GN01025,Consumer Discretionary,Textiles,Textiles & Apparels,Garments & Apparels
IRMENERGY,IRM Energy Limited,EQ,INE07U701015,Energy,Oil Gas & Consumable Fuels,Gas,LPG/CNG/PNG/LNG Supplier
ISFT,Intrasoft Technologies Limited,EQ,INE566K01011,Consumer Discretionary,Consumer Services,Retailing,E-Retail/ E-Commerce
ISGEC,Isgec Heavy Engineering Limited,EQ,INE858B01029,Industrials,Construction,Construction,Civil Construction
ISHANCH,Ishan Dyes and Chemicals Limited,EQ,INE561M01018,Commodities,Chemicals,Chemicals & Petrochemicals,Specialty Chemicals
ITC,ITC Limited,EQ,INE154A01025,Fast Moving Consumer Goods,Fast Moving Consumer Goods,Diversified FMCG,Diversified FMCG
ITCHOTELS,ITC Hotels Limited,EQ,INE379A01028,Consumer Discretionary,Consumer Services,Leisure Services,Hotels & Resorts
ITDC,India Tourism Development Corporation Limited,EQ,INE353K01014,Consumer Discretionary,Consumer Services,Leisure Services,Hotels & Resorts
ITI,ITI Limited,EQ,INE248A01017,Telecommunication,Telecommunication,Telecom - Equipment & Accessories,Telecom - Equipment & Accessories
IVALUE,Ivalue Infosolutions Limited,EQ,INE056801025,Information Technology,Information Technology,IT - Hardware,Computers Hardware & Equipments
IVC,IL&FS Investment Managers Limited,EQ,INE050B01023,Financial Services,Financial Services,Capital Markets,Asset Management Company
IVP,IVP Limited,EQ,INE043C01018,Commodities,Chemicals,Chemicals & Petrochemicals,Specialty Chemicals
IWP,The Indian Wood Products Company Limited,EQ,INE586E01020,Commodities,Forest Materials,Paper Forest & Jute Products,Forest Products
IXIGO,Le Travenues Technology Limited,EQ,INE0HV901016,Consumer Discretionary,Consumer Services,Leisure Services,Tour Travel Related Services
IZMO,IZMO Limited,EQ,INE848A01014,Information Technology,Information Technology,IT - Services,IT Enabled Services
J&KBANK,The Jammu & Kashmir Bank Limited,EQ,INE168A01041,Financial Services,Financial Services,Banks,Private Sector Bank
JAGRAN,Jagran Prakashan Limited,EQ,INE199G01027,Consumer Discretionary,Media Entertainment & Publication,Media,Print Media
JAGSNPHARM,Jagsonpal Pharmaceuticals Limited,EQ,INE048B01035,Healthcare,Healthcare,Pharmaceuticals & Biotechnology,Pharmaceuticals
JAIBALAJI,Jai Balaji Industries Limited,BE,INE091G01026,Commodities,Metals & Mining,Ferrous Metals,Iron & Steel
JAICORPLTD,Jai Corp Limited,EQ,INE070D01027,Industrials,Capital Goods,Industrial Products,Plastic Products - Industrial
JAINREC,Jain Resource Recycling Limited,EQ,INE0YD401026,Commodities,Metals & Mining,Diversified Metals,Diversified Metals
JAIPURKURT,Nandani Creation Limited,EQ,INE696V01013,Consumer Discretionary,Textiles,Textiles & Apparels,Garments & Apparels
JAMNAAUTO,Jamna Auto Industries Limited,EQ,INE039C01032,Consumer Discretionary,Automobile and Auto Components,Auto Components,Auto Components & Equipments
JARO,Jaro Institute of Technology Management and Research Limited,EQ,INE00YJ01010,Consumer Discretionary,Consumer Services,Other Consumer Services,E-Learning
JASH,Jash Engineering Limited,EQ,INE039O01029,Industrials,Capital Goods,Industrial Manufacturing,Industrial Products
JAYAGROGN,Jayant Agro Organics Limited,EQ,INE785A01026,Commodities,Chemicals,Chemicals & Petrochemicals,Specialty Chemicals
JAYBARMARU,Jay Bharat Maruti Limited,EQ,INE571B01036,Consumer Discretionary,Automobile and Auto Components,Auto Components,Auto Components & Equipments
JAYKAY,Jaykay Enterprises Limited,EQ,INE903A01025,Industrials,Capital Goods,Aerospace & Defense,Aerospace & Defense
JAYNECOIND,Jayaswal Neco Industries Limited,EQ,INE854B01010,Industrials,Capital Goods,Industrial Products,Iron & Steel Products
JAYSREETEA,Jayshree Tea & Industries Limited,EQ,INE364A01020,Fast Moving Consumer Goods,Fast Moving Consumer Goods,Agricultural Food & other Products,Tea & Coffee
JBCHEPHARM,JB Chemicals & Pharmaceuticals Limited,EQ,INE572A01036,Healthcare,Healthcare,Pharmaceuticals & Biotechnology,Pharmaceuticals
JBMA,JBM Auto Limited,EQ,INE927D01051,Consumer Discretionary,Automobile and Auto Components,Auto Components,Auto Components & Equipments
JETFREIGHT,Jet Freight Logistics Limited,EQ,INE982V01025,Services,Services,Transport Services,Logistics Solution Provider
JGCHEM,J.G.Chemicals Limited,EQ,INE0MB501011,Commodities,Chemicals,Chemicals & Petrochemicals,Commodity Chemicals
JHS,JHS Svendgaard Laboratories Limited,EQ,INE544H01014,Fast Moving Consumer Goods,Fast Moving Consumer Goods,Personal Products,Personal Care
JINDALPHOT,Jindal Photo Limited,EQ,INE796G01012,Financial Services,Financial Services,Finance,Investment Company
JINDALPOLY,Jindal Poly Films Limited,EQ,INE197D01010,Industrials,Capital Goods,Industrial Products,Packaging
JINDALSAW,Jindal Saw Limited,EQ,INE324A01032,Industrials,Capital Goods,Industrial Products,Iron & Steel Products
JINDALSTEL,JINDAL STEEL LIMITED,EQ,INE749A01030,Commodities,Metals & Mining,Ferrous Metals,Iron & Steel
JINDRILL,Jindal Drilling And Industries Limited,EQ,INE742C01031,Energy,Oil Gas & Consumable Fuels,Oil,Offshore Support Solution Drilling
JINDWORLD,Jindal Worldwide Limited,EQ,INE247D01039,Consumer Discretionary,Textiles,Textiles & Apparels,Other Textile Products
JIOFIN,Jio Financial Services Limited,EQ,INE758E01017,Financial Services,Financial Services,Finance,Investment Company
JISLDVREQS,Jain Irrigation Systems Limited,EQ,IN9175A01010,Industrials,Capital Goods,Industrial Products,Plastic Products - Industrial
JISLJALEQS,Jain Irrigation Systems Limited,EQ,INE175A01038,Industrials,Capital Goods,Industrial Products,Plastic Products - Industrial
JITFINFRA,JITF Infralogistics Limited,EQ,INE863T01013,Utilities,Utilities,Other Utilities,Water Supply & Management
JKCEMENT,JK Cement Limited,EQ,INE823G01014,Commodities,Construction Materials,Cement & Cement Products,Cement & Cement Products
JKIL,J.Kumar Infraprojects Limited,EQ,INE576I01022,Industrials,Construction,Construction,Civil Construction
JKIPL,Jinkushal Industries Limited,BE,INE1FF001016,Industrials,Capital Goods,Agricultural Commercial & Construction Vehicles,Dealers���Commercial Vehicles Tractors Construction Vehicles
JKLAKSHMI,JK Lakshmi Cement Limited,EQ,INE786A01032,Commodities,Construction Materials,Cement & Cement Products,Cement & Cement Products
JKPAPER,JK Paper Limited,EQ,INE789E01012,Commodities,Forest Materials,Paper Forest & Jute Products,Paper & Paper Products
JKTYRE,JK Tyre & Industries Limited,EQ,INE573A01042,Consumer Discretionary,Automobile and Auto Components,Auto Components,Tyres & Rubber Products
JLHL,Jupiter Life Line Hospitals Limited,EQ,INE682M01012,Healthcare,Healthcare,Healthcare Services,Hospital
JMA,Jullundur Motor Agency (Delhi) Limited,EQ,INE412C01023,Consumer Discretionary,Automobile and Auto Components,Auto Components,Trading - Auto Components
JMFINANCIL,JM Financial Limited,EQ,INE780C01023,Financial Services,Financial Services,Finance,Holding Company
JNKINDIA,JNK India Limited,EQ,INE0OAF01028,Industrials,Capital Goods,Industrial Manufacturing,Industrial Products
JOCIL,Jocil Limited,BE,INE839G01010,Commodities,Chemicals,Chemicals & Petrochemicals,Commodity Chemicals
JPOLYINVST,Jindal Poly Investment and Finance Company Limited,EQ,INE147P01019,Financial Services,Financial Services,Finance,Investment Company
JPPOWER,Jaiprakash Power Ventures Limited,EQ,INE351F01018,Utilities,Power,Power,Power Generation
JSFB,Jana Small Finance Bank Limited,EQ,INE953L01027,Financial Services,Financial Services,Banks,Other Bank
JSL,Jindal Stainless Limited,EQ,INE220G01021,Commodities,Metals & Mining,Ferrous Metals,Iron & Steel
JSLL,Jeena Sikho Lifecare Limited,EQ,INE0J5801029,Consumer Discretionary,Consumer Services,Leisure Services,Wellness
JSWCEMENT,JSW Cement Limited,EQ,INE718I01012,Commodities,Construction Materials,Cement & Cement Products,Cement & Cement Products
JSWDULUX,JSW Dulux Limited,EQ,INE133A01011,Consumer Discretionary,Consumer Durables,Consumer Durables,Paints
JSWENERGY,JSW Energy Limited,EQ,INE121E01018,Utilities,Power,Power,Power Generation
JSWHL,JSW Holdings Limited,EQ,INE824G01012,Financial Services,Financial Services,Finance,Investment Company
JSWINFRA,JSW Infrastructure Limited,EQ,INE880J01026,Services,Services,Transport Infrastructure,Port & Port services
JSWSTEEL,JSW Steel Limited,EQ,INE019A01038,Commodities,Metals & Mining,Ferrous Metals,Iron & Steel
JTEKTINDIA,Jtekt India Limited,EQ,INE643A01035,Consumer Discretionary,Automobile and Auto Components,Auto Components,Auto Components & Equipments
JTLIND,JTL INDUSTRIES LIMITED,EQ,INE391J01032,Industrials,Capital Goods,Industrial Products,Iron & Steel Products
JUBLCPL,Jubilant Agri and Consumer Products Limited,EQ,INE03CC01015,Commodities,Chemicals,Chemicals & Petrochemicals,Specialty Chemicals
JUBLFOOD,Jubilant Foodworks Limited,EQ,INE797F01020,Consumer Discretionary,Consumer Services,Leisure Services,Restaurants
JUBLINGREA,Jubilant Ingrevia Limited,EQ,INE0BY001018,Commodities,Chemicals,Chemicals & Petrochemicals,Specialty Chemicals
JUBLPHARMA,Jubilant Pharmova Limited,EQ,INE700A01033,Healthcare,Healthcare,Pharmaceuticals & Biotechnology,Pharmaceuticals
JUNIPER,Juniper Hotels Limited,EQ,INE696F01016,Consumer Discretionary,Consumer Services,Leisure Services,Hotels & Resorts
JUSTDIAL,Just Dial Limited,EQ,INE599M01018,Consumer Discretionary,Consumer Services,Retailing,Internet & Catalogue Retail
JWL,Jupiter Wagons Limited,EQ,INE209L01016,Industrials,Capital Goods,Industrial Manufacturing,Railway Wagons
JYOTHYLAB,Jyothy Labs Limited,EQ,INE668F01031,Fast Moving Consumer Goods,Fast Moving Consumer Goods,Household Products,Household Products
JYOTICNC,Jyoti CNC Automation Limited,EQ,INE980O01024,Industrials,Capital Goods,Industrial Manufacturing,Industrial Products
JYOTISTRUC,Jyoti Structures Limited,EQ,INE197A01024,Industrials,Capital Goods,Electrical Equipment,Heavy Electrical Equipment
KABRAEXTRU,Kabra Extrusion Technik Limited,EQ,INE900B01029,Industrials,Capital Goods,Industrial Manufacturing,Industrial Products
KAJARIACER,Kajaria Ceramics Limited,EQ,INE217B01036,Consumer Discretionary,Consumer Durables,Consumer Durables,Ceramics
KAKATCEM,Kakatiya Cement Sugar & Industries Limited,BE,INE437B01014,Commodities,Construction Materials,Cement & Cement Products,Cement & Cement Products
KALAMANDIR,Sai Silks (Kalamandir) Limited,EQ,INE438K01021,Consumer Discretionary,Consumer Services,Retailing,Speciality Retail
KALPATARU,Kalpataru Limited,EQ,INE227J01012,Consumer Discretionary,Realty,Realty,Residential Commercial Projects
KALYANI,Kalyani Commercials Limited,BE,INE610E01010,Industrials,Capital Goods,Agricultural Commercial & Construction Vehicles,Dealers���Commercial Vehicles Tractors Construction Vehicles
KALYANIFRG,Kalyani Forge Limited,EQ,INE314G01014,Industrials,Capital Goods,Industrial Products,Castings & Forgings
KALYANKJIL,Kalyan Jewellers India Limited,EQ,INE303R01014,Consumer Discretionary,Consumer Durables,Consumer Durables,Gems Jewellery And Watches
KAMAHOLD,Kama Holdings Limited,EQ,INE411F01010,Diversified,Diversified,Diversified,Diversified
KAMATHOTEL,Kamat Hotels (I) Limited,EQ,INE967C01018,Consumer Discretionary,Consumer Services,Leisure Services,Hotels & Resorts
KAMDHENU,Kamdhenu Limited,BE,INE390H01020,Industrials,Capital Goods,Industrial Products,Iron & Steel Products
KAMOPAINTS,Kamdhenu Ventures Limited,EQ,INE0BTI01037,Consumer Discretionary,Consumer Durables,Consumer Durables,Paints
KANANIIND,Kanani Industries Limited,EQ,INE879E01037,Consumer Discretionary,Consumer Durables,Consumer Durables,Gems Jewellery And Watches
KANCHI,Kanchi Karpooram Limited,BE,INE081G01019,Commodities,Chemicals,Chemicals & Petrochemicals,Commodity Chemicals
KANORICHEM,Kanoria Chemicals & Industries Limited,BE,INE138C01024,Industrials,Capital Goods,Industrial Manufacturing,Industrial Products
KANPRPLA,Kanpur Plastipack Limited,EQ,INE694E01014,Industrials,Capital Goods,Industrial Products,Packaging
KANSAINER,Kansai Nerolac Paints Limited,EQ,INE531A01024,Consumer Discretionary,Consumer Durables,Consumer Durables,Paints
KAPSTON,Kapston Services Limited,EQ,INE542Z01028,Services,Services,Commercial Services & Supplies,Diversified Commercial Services
KARMAENG,Karma Energy Limited,EQ,INE725L01011,Utilities,Power,Power,Power Generation
KARURVYSYA,Karur Vysya Bank Limited,EQ,INE036D01028,Financial Services,Financial Services,Banks,Private Sector Bank
KAUSHALYA,Kaushalya Infrastructure Development Corporation Limited,EQ,INE234I01028,Consumer Discretionary,Consumer Services,Leisure Services,Hotels & Resorts
KAVDEFENCE,Kavveri Defence & Wireless Technologies Limited,EQ,INE641C01019,Industrials,Capital Goods,Aerospace & Defense,Aerospace & Defense
KAYA,Kaya Limited,EQ,INE587G01015,Consumer Discretionary,Consumer Services,Leisure Services,Wellness
KAYNES,Kaynes Technology India Limited,EQ,INE918Z01012,Industrials,Capital Goods,Industrial Manufacturing,Industrial Products
KCP,KCP Limited,EQ,INE805C01028,Commodities,Construction Materials,Cement & Cement Products,Cement & Cement Products
KCPSUGIND,KCP Sugar and Industries Corporation Limited,EQ,INE790B01024,Fast Moving Consumer Goods,Fast Moving Consumer Goods,Agricultural Food & other Products,Sugar
KDDL,KDDL Limited,EQ,INE291D01011,Consumer Discretionary,Consumer Durables,Consumer Durables,Gems Jewellery And Watches
KEC,KEC International Limited,EQ,INE389H01022,Industrials,Construction,Construction,Civil Construction
KECL,Kirloskar Electric Company Limited,BE,INE134B01017,Industrials,Capital Goods,Electrical Equipment,Other Electrical Equipment
KEEPLEARN,DSJ Keep Learning Limited,EQ,INE055C01020,Consumer Discretionary,Consumer Services,Other Consumer Services,Education
KEI,KEI Industries Limited,EQ,INE878B01027,Industrials,Capital Goods,Industrial Products,Cables - Electricals
KELLTONTEC,Kellton Tech Solutions Limited,EQ,INE164B01030,Information Technology,Information Technology,IT - Services,IT Enabled Services
KENNAMET,Kennametal India Limited,EQ,INE717A01029,Industrials,Capital Goods,Industrial Manufacturing,Industrial Products
KERNEX,Kernex Microsystems (India) Limited,EQ,INE202H01019,Services,Services,Transport Services,Transport Related Services
KESORAMIND,Kesoram Industries Limited,BE,INE087A01019,Consumer Discretionary,Textiles,Textiles & Apparels,Other Textile Products
KEYFINSERV,Keynote Financial Services Limited,EQ,INE681C01015,Financial Services,Financial Services,Capital Markets,Stockbroking & Allied
KFINTECH,Kfin Technologies Limited,EQ,INE138Y01010,Financial Services,Financial Services,Capital Markets,Depositories Clearing Houses and Other Intermediaries
KHADIM,Khadim India Limited,BE,INE834I01025,Consumer Discretionary,Consumer Durables,Consumer Durables,Footwear
KHAICHEM,Khaitan Chemicals & Fertilizers Limited,BE,INE745B01028,Commodities,Chemicals,Fertilizers & Agrochemicals,Fertilizers
KHAITANLTD,Khaitan (India) Limited,BE,INE731C01018,Consumer Discretionary,Consumer Durables,Consumer Durables,Consumer Electronics
KHANDSE,Khandwala Securities Limited,EQ,INE060B01014,Financial Services,Financial Services,Capital Markets,Stockbroking & Allied
KICL,Kalyani Investment Company Limited,EQ,INE029L01018,Financial Services,Financial Services,Finance,Investment Company
KILITCH,Kilitch Drugs (India) Limited,BE,INE729D01010,Healthcare,Healthcare,Pharmaceuticals & Biotechnology,Pharmaceuticals
KIMS,Krishna Institute of Medical Sciences Limited,EQ,INE967H01025,Healthcare,Healthcare,Healthcare Services,Hospital
KINGFA,Kingfa Science & Technology (India) Limited,EQ,INE473D01015,Industrials,Capital Goods,Industrial Products,Plastic Products - Industrial
KIOCL,KIOCL Limited,EQ,INE880L01014,Commodities,Metals & Mining,Ferrous Metals,Sponge Iron
KIRANVYPAR,Kiran Vyapar Limited,EQ,INE555P01013,Financial Services,Financial Services,Finance,Non Banking Financial Company (NBFC)
KIRIINDUS,Kiri Industries Limited,EQ,INE415I01015,Commodities,Chemicals,Chemicals & Petrochemicals,Dyes And Pigments
KIRLFER,Kirloskar Ferrous Industries Limited,EQ,INE884B01025,Commodities,Metals & Mining,Ferrous Metals,Pig Iron
KIRLOSBROS,Kirloskar Brothers Limited,EQ,INE732A01036,Industrials,Capital Goods,Industrial Products,Compressors Pumps & Diesel Engines
KIRLOSENG,Kirloskar Oil Engines Limited,EQ,INE146L01010,Industrials,Capital Goods,Industrial Products,Compressors Pumps & Diesel Engines
KIRLOSIND,Kirloskar Industries Limited,EQ,INE250A01039,Industrials,Capital Goods,Industrial Products,Iron & Steel Products
KIRLPNU,Kirloskar Pneumatic Company Limited,EQ,INE811A01020,Industrials,Capital Goods,Industrial Products,Compressors Pumps & Diesel Engines
KISSHT,OnEMI Technology Solutions Limited,EQ,INE12F801023,Financial Services,Financial Services,Finance,Other Financial Services
KITEX,Kitex Garments Limited,EQ,INE602G01020,Consumer Discretionary,Textiles,Textiles & Apparels,Garments & Apparels
KKCL,Kewal Kiran Clothing Limited,EQ,INE401H01017,Consumer Discretionary,Textiles,Textiles & Apparels,Garments & Apparels
KLBRENG-B,Kilburn Engineering Limited,EQ,INE338F01015,Industrials,Capital Goods,Industrial Manufacturing,Industrial Products
KMEW,Knowledge Marine & Engineering Works Limited,EQ,INE0CJD01029,Services,Services,Engineering Services,Dredging
KMSUGAR,K.M.Sugar Mills Limited,EQ,INE157H01023,Fast Moving Consumer Goods,Fast Moving Consumer Goods,Agricultural Food & other Products,Sugar
KNAGRI,KN Agri Resources Limited,EQ,INE0KNW01016,Fast Moving Consumer Goods,Fast Moving Consumer Goods,Agricultural Food & other Products,Edible Oil
KNRCON,KNR Constructions Limited,EQ,INE634I01029,Industrials,Construction,Construction,Civil Construction
KOHINOOR,Kohinoor Foods Limited,EQ,INE080B01012,Fast Moving Consumer Goods,Fast Moving Consumer Goods,Food Products,Other Food Products
KOKUYOCMLN,Kokuyo Camlin Limited,EQ,INE760A01029,Fast Moving Consumer Goods,Fast Moving Consumer Goods,Household Products,Stationary
KOLTEPATIL,Kolte - Patil Developers Limited,EQ,INE094I01018,Consumer Discretionary,Realty,Realty,Residential Commercial Projects
KOPRAN,Kopran Limited,BE,INE082A01010,Healthcare,Healthcare,Pharmaceuticals & Biotechnology,Pharmaceuticals
KOTAKBANK,Kotak Mahindra Bank Limited,EQ,INE237A01036,Financial Services,Financial Services,Banks,Private Sector Bank
KOTARISUG,Kothari Sugars And Chemicals Limited,EQ,INE419A01022,Fast Moving Consumer Goods,Fast Moving Consumer Goods,Agricultural Food & other Products,Sugar
KOTHARIPET,Kothari Petrochemicals Limited,EQ,INE720A01015,Commodities,Chemicals,Chemicals & Petrochemicals,Petrochemicals
KOTHARIPRO,Kothari Products Limited,EQ,INE823A01017,Services,Services,Commercial Services & Supplies,Trading & Distributors
KOTIC,Kothari Industrial Corporation Limited,EQ,INE972A01020,Consumer Discretionary,Consumer Durables,Consumer Durables,Leather And Leather Products
KOTYARK,Kotyark Industries Limited,BE,INE0J0B01017,Energy,Oil Gas & Consumable Fuels,Petroleum Products,Refineries & Marketing
KOVAI,Kovai Medical Center & Hospital Limited,EQ,INE177F01017,Healthcare,Healthcare,Healthcare Services,Hospital
KPEL,K.P. Energy Limited,EQ,INE127T01021,Utilities,Power,Power,Power Generation
KPIGREEN,KPI Green Energy Limited,EQ,INE542W01025,Utilities,Power,Power,Power Generation
KPIL,Kalpataru Projects International Limited,EQ,INE220B01022,Industrials,Construction,Construction,Civil Construction
KPITTECH,KPIT Technologies Limited,EQ,INE04I401011,Information Technology,Information Technology,IT - Software,Computers - Software & Consulting
KPL,Kwality Pharmaceuticals Limited,EQ,INE552U01010,Healthcare,Healthcare,Pharmaceuticals & Biotechnology,Pharmaceuticals
KPRMILL,K.P.R. Mill Limited,EQ,INE930H01031,Consumer Discretionary,Textiles,Textiles & Apparels,Other Textile Products
KRBL,KRBL Limited,EQ,INE001B01026,Fast Moving Consumer Goods,Fast Moving Consumer Goods,Agricultural Food & other Products,Other Agricultural Products
KREBSBIO,Krebs Biochemicals and Industries Limited,EQ,INE268B01013,Healthcare,Healthcare,Pharmaceuticals & Biotechnology,Pharmaceuticals
KRIDHANINF,Kridhan Infra Limited,BE,INE524L01026,Industrials,Construction,Construction,Civil Construction
KRISHANA,Krishana Phoschem Limited,EQ,INE506W01020,Commodities,Chemicals,Fertilizers & Agrochemicals,Fertilizers
KRISHIVAL,Krishival Foods Limited,EQ,INE0GGO01015,Fast Moving Consumer Goods,Fast Moving Consumer Goods,Food Products,Other Food Products
KRISHNADEF,Krishna Defence And Allied Industries Limited,EQ,INE0J5601015,Industrials,Capital Goods,Aerospace & Defense,Aerospace & Defense
KRITI,Kriti Industries (India) Limited,BE,INE479D01038,Industrials,Capital Goods,Industrial Products,Plastic Products - Industrial
KRITIKA,Kritika Wires Limited,EQ,INE00Z501029,Industrials,Capital Goods,Industrial Products,Iron & Steel Products
KRITINUT,Kriti Nutrients Limited,BE,INE798K01010,Fast Moving Consumer Goods,Fast Moving Consumer Goods,Agricultural Food & other Products,Edible Oil
KRN,KRN Heat Exchanger and Refrigeration Limited,BE,INE0Q3J01015,Industrials,Capital Goods,Industrial Products,Other Industrial Products
KRONOX,Kronox Lab Sciences Limited,EQ,INE0ATZ01017,Commodities,Chemicals,Chemicals & Petrochemicals,Specialty Chemicals
KROSS,Kross Limited,EQ,INE0O6601022,Consumer Discretionary,Automobile and Auto Components,Auto Components,Auto Components & Equipments
KRSNAA,Krsnaa Diagnostics Limited,EQ,INE08LI01020,Healthcare,Healthcare,Healthcare Services,Healthcare Service Provider
KRYSTAL,Krystal Integrated Services Limited,EQ,INE0QN801017,Services,Services,Commercial Services & Supplies,Diversified Commercial Services
KSB,Ksb Limited,EQ,INE999A01023,Industrials,Capital Goods,Industrial Products,Compressors Pumps & Diesel Engines
KSCL,Kaveri Seed Company Limited,EQ,INE455I01029,Fast Moving Consumer Goods,Fast Moving Consumer Goods,Agricultural Food & other Products,Other Agricultural Products
KSHINTL,KSH International Limited,EQ,INE987S01020,Industrials,Capital Goods,Industrial Products,Aluminium Copper & Zinc Products
KSHITIJPOL,Kshitij Polyline Limited,BE,INE013801027,Fast Moving Consumer Goods,Fast Moving Consumer Goods,Household Products,Stationary
KSL,Kalyani Steels Limited,EQ,INE907A01026,Industrials,Capital Goods,Industrial Products,Iron & Steel Products
KSOLVES,Ksolves India Limited,EQ,INE0D6I01023,Information Technology,Information Technology,IT - Software,Computers - Software & Consulting
KSR,KSR Footwear Limited,EQ,INE1SPP01016,Consumer Discretionary,Consumer Durables,Consumer Durables,Footwear
KTKBANK,The Karnataka Bank Limited,EQ,INE614B01018,Financial Services,Financial Services,Banks,Private Sector Bank
KUANTUM,Kuantum Papers Limited,EQ,INE529I01021,Commodities,Forest Materials,Paper Forest & Jute Products,Paper & Paper Products
KWIL,Kwality Wall's (India) Limited,EQ,INE2KCE01013,Fast Moving Consumer Goods,Fast Moving Consumer Goods,Food Products,Dairy Products
LAGNAM,Lagnam Spintex Limited,EQ,INE548Z01017,Consumer Discretionary,Textiles,Textiles & Apparels,Other Textile Products
LAHOTIOV,Lahoti Overseas Limited,EQ,INE515C01023,Services,Services,Commercial Services & Supplies,Trading & Distributors
LAKPRE,Lakshmi Precision Screws Limited,BZ,INE651C01018,Consumer Discretionary,Automobile and Auto Components,Auto Components,Auto Components & Equipments
LAL,Lorenzini Apparels Limited,EQ,INE740X01023,Consumer Discretionary,Textiles,Textiles & Apparels,Garments & Apparels
LALPATHLAB,Dr. Lal Path Labs Ltd.,EQ,INE600L01024,Healthcare,Healthcare,Healthcare Services,Healthcare Service Provider
LAMBODHARA,Lambodhara Textiles Limited,EQ,INE112F01022,Consumer Discretionary,Textiles,Textiles & Apparels,Other Textile Products
LANCORHOL,Lancor Holdings Limited,EQ,INE572G01025,Consumer Discretionary,Realty,Realty,Residential Commercial Projects
LANDMARK,Landmark Cars Limited,EQ,INE559R01029,Consumer Discretionary,Automobile and Auto Components,Automobiles,Auto Dealer
LANDSMILL,Landsmill Green Limited,EQ,INE688J01023,Services,Services,Commercial Services & Supplies,Trading & Distributors
LAOPALA,La Opala RG Limited,EQ,INE059D01020,Consumer Discretionary,Consumer Durables,Consumer Durables,Glass - Consumer
LASA,Lasa Supergenerics Limited,EQ,INE670X01014,Healthcare,Healthcare,Pharmaceuticals & Biotechnology,Pharmaceuticals
LATENTVIEW,Latent View Analytics Limited,EQ,INE0I7C01011,Information Technology,Information Technology,IT - Software,Computers - Software & Consulting
LATTEYS,Latteys Industries Limited,BE,INE262Z01023,Industrials,Capital Goods,Industrial Products,Compressors Pumps & Diesel Engines
LAURUSLABS,Laurus Labs Limited,EQ,INE947Q01028,Healthcare,Healthcare,Pharmaceuticals & Biotechnology,Pharmaceuticals
LAXMICOT,Laxmi Cotspin Limited,EQ,INE801V01019,Consumer Discretionary,Textiles,Textiles & Apparels,Other Textile Products
LAXMIDENTL,Laxmi Dental Limited,EQ,INE0WO601020,Healthcare,Healthcare,Healthcare Equipment & Supplies,Medical Equipment & Supplies
LAXMIINDIA,Laxmi India Finance Limited,BE,INE06WU01026,Financial Services,Financial Services,Finance,Non Banking Financial Company (NBFC)
LCCINFOTEC,LCC Infotech Limited,EQ,INE938A01021,Consumer Discretionary,Consumer Services,Other Consumer Services,Education
LEMERITE,Le Merite Exports Limited,EQ,INE0G1L01025,Consumer Discretionary,Textiles,Textiles & Apparels,Trading - Textile Products
LEMONTREE,Lemon Tree Hotels Limited,EQ,INE970X01018,Consumer Discretionary,Consumer Services,Leisure Services,Hotels & Resorts
LENSKART,Lenskart Solutions Limited,EQ,INE956O01016,Consumer Discretionary,Consumer Services,Retailing,Speciality Retail
LEXUS,Lexus Granito (India) Limited,EQ,INE500X01013,Consumer Discretionary,Consumer Durables,Consumer Durables,Ceramics
LFIC,Lakshmi Finance & Industrial Corporation Limited,EQ,INE850E01012,Financial Services,Financial Services,Finance,Investment Company
LGBBROSLTD,LG Balakrishnan & Bros Limited,EQ,INE337A01034,Consumer Discretionary,Automobile and Auto Components,Auto Components,Auto Components & Equipments
LGEINDIA,LG Electronics India Limited,EQ,INE324D01010,Consumer Discretionary,Consumer Durables,Consumer Durables,Household Appliances
LGHL,Laxmi Goldorna House Limited,EQ,INE258Y01016,Consumer Discretionary,Consumer Durables,Consumer Durables,Gems Jewellery And Watches
LIBAS,Libas Consumer Products Limited,EQ,INE908V01012,Consumer Discretionary,Textiles,Textiles & Apparels,Garments & Apparels
LIBERTSHOE,Liberty Shoes Limited,EQ,INE557B01019,Consumer Discretionary,Consumer Durables,Consumer Durables,Footwear
LICHSGFIN,LIC Housing Finance Limited,EQ,INE115A01026,Financial Services,Financial Services,Finance,Housing Finance Company
LICI,Life Insurance Corporation Of India,EQ,INE0J1Y01017,Financial Services,Financial Services,Insurance,Life Insurance
LIKHITHA,Likhitha Infrastructure Limited,BE,INE060901027,Industrials,Construction,Construction,Civil Construction
LINC,Linc Limited,EQ,INE802B01027,Fast Moving Consumer Goods,Fast Moving Consumer Goods,Household Products,Stationary
LINCOLN,Lincoln Pharmaceuticals Limited,EQ,INE405C01035,Healthcare,Healthcare,Pharmaceuticals & Biotechnology,Pharmaceuticals
LINDEINDIA,Linde India Limited,EQ,INE473A01011,Commodities,Chemicals,Chemicals & Petrochemicals,Industrial Gases
LLOYDSENGG,LLOYDS ENGINEERING WORKS LIMITED,EQ,INE093R01011,Industrials,Capital Goods,Industrial Manufacturing,Industrial Products
LLOYDSENT,Lloyds Enterprises Limited,EQ,INE080I01025,Commodities,Metals & Mining,Metals & Minerals Trading,Trading - Metals
LLOYDSME,Lloyds Metals And Energy Limited,EQ,INE281B01032,Commodities,Metals & Mining,Minerals & Mining,Industrial Minerals
LMW,LMW Limited,EQ,INE269B01029,Industrials,Capital Goods,Industrial Manufacturing,Industrial Products
LODHA,Lodha Developers Limited,EQ,INE670K01029,Consumer Discretionary,Realty,Realty,Residential Commercial Projects
LOKESHMACH,Lokesh Machines Limited,BE,INE397H01017,Industrials,Capital Goods,Industrial Manufacturing,Industrial Products
LORDSCHLO,Lords Chloro Alkali Limited,EQ,INE846D01012,Commodities,Chemicals,Chemicals & Petrochemicals,Commodity Chemicals
LOTUSDEV,Sri Lotus Developers and Realty Limited,EQ,INE0V9Q01010,Consumer Discretionary,Realty,Realty,Residential Commercial Projects
LOTUSEYE,Lotus Eye Hospital and Institute Limited,EQ,INE947I01017,Healthcare,Healthcare,Healthcare Services,Hospital
LOVABLE,Lovable Lingerie Limited,EQ,INE597L01014,Consumer Discretionary,Textiles,Textiles & Apparels,Garments & Apparels
LOYALTEX,Loyal Textile Mills Limited,BE,INE970D01010,Consumer Discretionary,Textiles,Textiles & Apparels,Other Textile Products
LPDC,Landmark Property Development Company Limited,EQ,INE197J01017,Consumer Discretionary,Realty,Realty,Real Estate related services
LT,Larsen & Toubro Limited,EQ,INE018A01030,Industrials,Construction,Construction,Civil Construction
LTF,L&T Finance Limited,EQ,INE498L01015,Financial Services,Financial Services,Finance,Investment Company
LTFOODS,LT Foods Limited,EQ,INE818H01020,Fast Moving Consumer Goods,Fast Moving Consumer Goods,Agricultural Food & other Products,Other Agricultural Products
LTM,LTM Limited,EQ,INE214T01019,Information Technology,Information Technology,IT - Software,Computers - Software & Consulting
LTTS,L&T Technology Services Limited,EQ,INE010V01017,Information Technology,Information Technology,IT - Services,IT Enabled Services
LUMAXIND,Lumax Industries Limited,EQ,INE162B01018,Consumer Discretionary,Automobile and Auto Components,Auto Components,Auto Components & Equipments
LUMAXTECH,Lumax Auto Technologies Limited,EQ,INE872H01027,Consumer Discretionary,Automobile and Auto Components,Auto Components,Auto Components & Equipments
LUPIN,Lupin Limited,EQ,INE326A01037,Healthcare,Healthcare,Pharmaceuticals & Biotechnology,Pharmaceuticals
LUXIND,Lux Industries Limited,EQ,INE150G01020,Consumer Discretionary,Textiles,Textiles & Apparels,Garments & Apparels
LXCHEM,Laxmi Organic Industries Limited,EQ,INE576O01020,Commodities,Chemicals,Chemicals & Petrochemicals,Specialty Chemicals
LYKALABS,Lyka Labs Limited,BE,INE933A01014,Healthcare,Healthcare,Pharmaceuticals & Biotechnology,Pharmaceuticals
LYPSAGEMS,Lypsa Gems & Jewellery Limited,EQ,INE142K01011,Consumer Discretionary,Consumer Durables,Consumer Durables,Gems Jewellery And Watches
M&M,Mahindra & Mahindra Limited,EQ,INE101A01026,Consumer Discretionary,Automobile and Auto Components,Automobiles,Passenger Cars & Utility Vehicles
M&MFIN,Mahindra & Mahindra Financial Services Limited,EQ,INE774D01024,Financial Services,Financial Services,Finance,Non Banking Financial Company (NBFC)
MAANALU,Maan Aluminium Limited,EQ,INE215I01027,Commodities,Metals & Mining,Non - Ferrous Metals,Aluminium
MACPOWER,Macpower CNC Machines Limited,EQ,INE155Z01011,Industrials,Capital Goods,Industrial Manufacturing,Industrial Products
MADHAV,Madhav Marbles and Granites Limited,EQ,INE925C01016,Consumer Discretionary,Consumer Durables,Consumer Durables,Granites & Marbles
MADHAVIPL,Madhav Infra Projects Limited,EQ,INE631R01026,Industrials,Construction,Construction,Civil Construction
MADHUCON,Madhucon Projects Limited,BE,INE378D01032,Industrials,Construction,Construction,Civil Construction
MADRASFERT,Madras Fertilizers Limited,EQ,INE414A01015,Commodities,Chemicals,Fertilizers & Agrochemicals,Fertilizers
MAFATIND,Mafatlal Industries Limited,EQ,INE270B01035,Consumer Discretionary,Textiles,Textiles & Apparels,Other Textile Products
MAGADSUGAR,Magadh Sugar & Energy Limited,EQ,INE347W01011,Fast Moving Consumer Goods,Fast Moving Consumer Goods,Agricultural Food & other Products,Sugar
MAGNUM,Magnum Ventures Limited,EQ,INE387I01016,Commodities,Forest Materials,Paper Forest & Jute Products,Paper & Paper Products
MAHABANK,Bank of Maharashtra,EQ,INE457A01014,Financial Services,Financial Services,Banks,Public Sector Bank
MAHAPEXLTD,Maha Rashtra Apex Corporation Limited,EQ,INE843B01013,Financial Services,Financial Services,Finance,Other Financial Services
MAHASTEEL,Mahamaya Steel Industries Limited,EQ,INE451L01014,Industrials,Capital Goods,Industrial Products,Iron & Steel Products
MAHEPC,Mahindra EPC Irrigation Limited,EQ,INE215D01010,Industrials,Capital Goods,Industrial Manufacturing,Industrial Products
MAHESHWARI,Maheshwari Logistics Limited,BE,INE263W01010,Services,Services,Commercial Services & Supplies,Trading & Distributors
MAHLIFE,Mahindra Lifespace Developers Limited,EQ,INE813A01018,Consumer Discretionary,Realty,Realty,Residential Commercial Projects
MAHLOG,Mahindra Logistics Limited,EQ,INE766P01016,Services,Services,Transport Services,Logistics Solution Provider
MAHSCOOTER,Maharashtra Scooters Limited,EQ,INE288A01013,Financial Services,Financial Services,Finance,Investment Company
MAHSEAMLES,Maharashtra Seamless Limited,EQ,INE271B01025,Industrials,Capital Goods,Industrial Products,Iron & Steel Products
MAITHANALL,Maithan Alloys Limited,EQ,INE683C01011,Commodities,Metals & Mining,Ferrous Metals,Ferro & Silica Manganese
MAJESAUT,Majestic Auto Limited,EQ,INE201B01022,Services,Services,Commercial Services & Supplies,Diversified Commercial Services
MALLCOM,Mallcom (India) Limited,EQ,INE389C01015,Industrials,Capital Goods,Industrial Products,Other Industrial Products
MALUPAPER,Malu Paper Mills Limited,EQ,INE383H01017,Commodities,Forest Materials,Paper Forest & Jute Products,Paper & Paper Products
MAMATA,Mamata Machinery Limited,EQ,INE0TO701015,Industrials,Capital Goods,Industrial Manufacturing,Industrial Products
MANAKALUCO,Manaksia Aluminium Company Limited,EQ,INE859Q01017,Commodities,Metals & Mining,Non - Ferrous Metals,Aluminium
MANAKCOAT,Manaksia Coated Metals & Industries Limited,EQ,INE830Q01018,Industrials,Capital Goods,Industrial Products,Iron & Steel Products
MANAKSIA,Manaksia Limited,EQ,INE015D01022,Industrials,Capital Goods,Industrial Products,Iron & Steel Products
MANAKSTEEL,Manaksia Steels Limited,BE,INE824Q01011,Commodities,Metals & Mining,Ferrous Metals,Iron & Steel
MANALIPETC,Manali Petrochemicals Limited,EQ,INE201A01024,Commodities,Chemicals,Chemicals & Petrochemicals,Petrochemicals
MANAPPURAM,Manappuram Finance Limited,EQ,INE522D01027,Financial Services,Financial Services,Finance,Non Banking Financial Company (NBFC)
MANBA,Manba Finance Limited,EQ,INE939X01013,Financial Services,Financial Services,Finance,Non Banking Financial Company (NBFC)
MANCREDIT,Mangal Credit and Fincorp Limited,EQ,INE545L01039,Financial Services,Financial Services,Finance,Non Banking Financial Company (NBFC)
MANGALAM,Mangalam Drugs And Organics Limited,EQ,INE584F01014,Healthcare,Healthcare,Pharmaceuticals & Biotechnology,Pharmaceuticals
MANGLMCEM,Mangalam Cement Limited,EQ,INE347A01017,Commodities,Construction Materials,Cement & Cement Products,Cement & Cement Products
MANINDS,Man Industries (India) Limited,EQ,INE993A01026,Industrials,Capital Goods,Industrial Products,Iron & Steel Products
MANINFRA,Man Infraconstruction Limited,EQ,INE949H01023,Consumer Discretionary,Realty,Realty,Residential Commercial Projects
MANKIND,Mankind Pharma Limited,EQ,INE634S01028,Healthcare,Healthcare,Pharmaceuticals & Biotechnology,Pharmaceuticals
MANOMAY,Manomay Tex India Limited,EQ,INE784W01015,Consumer Discretionary,Textiles,Textiles & Apparels,Other Textile Products
MANORAMA,Manorama Industries Limited,EQ,INE00VM01036,Fast Moving Consumer Goods,Fast Moving Consumer Goods,Food Products,Other Food Products
MANORG,Mangalam Organics Limited,BE,INE370D01013,Commodities,Chemicals,Chemicals & Petrochemicals,Commodity Chemicals
MANUGRAPH,Manugraph India Limited,BE,INE867A01022,Industrials,Capital Goods,Industrial Manufacturing,Industrial Products
MANYAVAR,Vedant Fashions Limited,EQ,INE825V01034,Consumer Discretionary,Consumer Services,Retailing,Speciality Retail
MAPMYINDIA,C.E. Info Systems Limited,EQ,INE0BV301023,Information Technology,Information Technology,IT - Software,Software Products
MARALOVER,Maral Overseas Limited,BE,INE882A01013,Consumer Discretionary,Textiles,Textiles & Apparels,Other Textile Products
MARATHON,Marathon Nextgen Realty Limited,EQ,INE182D01020,Consumer Discretionary,Realty,Realty,Residential Commercial Projects
MARICO,Marico Limited,EQ,INE196A01026,Fast Moving Consumer Goods,Fast Moving Consumer Goods,Agricultural Food & other Products,Edible Oil
MARINE,Marine Electricals (India) Limited,EQ,INE01JE01028,Industrials,Capital Goods,Industrial Manufacturing,Industrial Products
MARKOLINES,Markolines Pavement Technologies Limited,EQ,INE0FW001016,Industrials,Construction,Construction,Civil Construction
MARKSANS,Marksans Pharma Limited,EQ,INE750C01026,Healthcare,Healthcare,Pharmaceuticals & Biotechnology,Pharmaceuticals
MARSONS,Marsons Limited,EQ,INE415B01044,Industrials,Capital Goods,Electrical Equipment,Heavy Electrical Equipment
MARUTI,Maruti Suzuki India Limited,EQ,INE585B01010,Consumer Discretionary,Automobile and Auto Components,Automobiles,Passenger Cars & Utility Vehicles
MASFIN,MAS Financial Services Limited,EQ,INE348L01012,Financial Services,Financial Services,Finance,Non Banking Financial Company (NBFC)
MASKINVEST,Mask Investments Limited,BE,INE885F01015,Financial Services,Financial Services,Finance,Investment Company
MASTEK,Mastek Limited,EQ,INE759A01021,Information Technology,Information Technology,IT - Software,Computers - Software & Consulting
MASTERTR,Master Trust Limited,EQ,INE677D01037,Financial Services,Financial Services,Capital Markets,Stockbroking & Allied
MATRIMONY,Matrimony.Com Limited,EQ,INE866R01028,Consumer Discretionary,Consumer Services,Retailing,Internet & Catalogue Retail
MAWANASUG,Mawana Sugars Limited,BE,INE636A01039,Fast Moving Consumer Goods,Fast Moving Consumer Goods,Agricultural Food & other Products,Sugar
MAXESTATES,Max Estates Limited,EQ,INE03EI01018,Consumer Discretionary,Realty,Realty,Residential Commercial Projects
MAXHEALTH,Max Healthcare Institute Limited,EQ,INE027H01010,Healthcare,Healthcare,Healthcare Services,Hospital
MAXIND,Max India Limited,EQ,INE0CG601016,Financial Services,Financial Services,Finance,Holding Company
MAYURUNIQ,Mayur Uniquoters Ltd,EQ,INE040D01038,Consumer Discretionary,Consumer Durables,Consumer Durables,Leather And Leather Products
MAZDA,Mazda Limited,EQ,INE885E01042,Industrials,Capital Goods,Industrial Manufacturing,Industrial Products
MAZDOCK,Mazagon Dock Shipbuilders Limited,EQ,INE249Z01020,Industrials,Capital Goods,Industrial Manufacturing,Ship Building & Allied Services
MBAPL,Madhya Bharat Agro Products Limited,EQ,INE900L01028,Commodities,Chemicals,Fertilizers & Agrochemicals,Fertilizers
MBEL,M & B Engineering Limited,EQ,INE08N601015,Industrials,Construction,Construction,Civil Construction
MBLINFRA,MBL Infrastructure Limited,BE,INE912H01013,Industrials,Construction,Construction,Civil Construction
MCCHRLS-B,Mac Charles India Limited,EQ,INE435D01014,Consumer Discretionary,Consumer Services,Leisure Services,Hotels & Resorts
MCL,M TEK COPPER LIMITED,EQ,INE813V01022,Industrials,Capital Goods,Industrial Products,Aluminium Copper & Zinc Products
MCLEODRUSS,Mcleod Russel India Limited,BE,INE942G01012,Fast Moving Consumer Goods,Fast Moving Consumer Goods,Agricultural Food & other Products,Tea & Coffee
MCLOUD,Magellanic Cloud Limited,EQ,INE613C01026,Information Technology,Information Technology,IT - Software,Computers - Software & Consulting
MCX,Multi Commodity Exchange of India Limited,EQ,INE745G01043,Financial Services,Financial Services,Capital Markets,Exchange and Data Platform
MEDANTA,Global Health Limited,EQ,INE474Q01031,Healthcare,Healthcare,Healthcare Services,Hospital
MEDIASSIST,Medi Assist Healthcare Services Limited,EQ,INE456Z01021,Financial Services,Financial Services,Insurance,Insurance Distributors
MEDICAMEQ,Medicamen Biotech Limited,EQ,INE646B01010,Healthcare,Healthcare,Pharmaceuticals & Biotechnology,Pharmaceuticals
MEDICO,Medico Remedies Limited,EQ,INE630Y01024,Healthcare,Healthcare,Pharmaceuticals & Biotechnology,Pharmaceuticals
MEDPLUS,Medplus Health Services Limited,EQ,INE804L01022,Consumer Discretionary,Consumer Services,Retailing,Pharmacy Retail
MEESHO,Meesho Limited,EQ,INE0VDM01015,Consumer Discretionary,Consumer Services,Retailing,E-Retail/ E-Commerce
MEGASTAR,Megastar Foods Limited,EQ,INE00EM01016,Fast Moving Consumer Goods,Fast Moving Consumer Goods,Food Products,Other Food Products
MEIL,Mangal Electrical Industries Limited,BE,INE0PKD01011,Industrials,Capital Goods,Electrical Equipment,Other Electrical Equipment
MENNPIS,Menon Pistons Limited,EQ,INE650G01029,Consumer Discretionary,Automobile and Auto Components,Auto Components,Auto Components & Equipments
MENONBE,Menon Bearings Limited,BE,INE071D01033,Consumer Discretionary,Automobile and Auto Components,Auto Components,Auto Components & Equipments
MEP,MEP Infrastructure Developers Limited,BZ,INE776I01010,Services,Services,Transport Infrastructure,Road Assets - Toll Annuity Hybrid-Annuity
MERCANTILE,Mercantile Ventures Limited,EQ,INE689O01013,Services,Services,Commercial Services & Supplies,Diversified Commercial Services
MERCURYEV,Mercury Ev-Tech Limited,BE,INE763M01028,Consumer Discretionary,Automobile and Auto Components,Automobiles,2/3 Wheelers
METROBRAND,Metro Brands Limited,EQ,INE317I01021,Consumer Discretionary,Consumer Durables,Consumer Durables,Footwear
METROGLOBL,Metroglobal Limited,EQ,INE085D01033,Services,Services,Commercial Services & Supplies,Trading & Distributors
METROPOLIS,Metropolis Healthcare Limited,EQ,INE112L01020,Healthcare,Healthcare,Healthcare Services,Healthcare Service Provider
MFML,Mahalaxmi Fabric Mills Limited,EQ,INE0US801024,Consumer Discretionary,Textiles,Textiles & Apparels,Other Textile Products
MFSL,Max Financial Services Limited,EQ,INE180A01020,Financial Services,Financial Services,Insurance,Life Insurance
MGEL,Mangalam Global Enterprise Limited,BE,INE0APB01032,Fast Moving Consumer Goods,Fast Moving Consumer Goods,Agricultural Food & other Products,Other Agricultural Products
MGL,Mahanagar Gas Limited,EQ,INE002S01010,Energy,Oil Gas & Consumable Fuels,Gas,LPG/CNG/PNG/LNG Supplier
MHLXMIRU,Mahalaxmi Rubtech Limited,EQ,INE112D01035,Consumer Discretionary,Textiles,Textiles & Apparels,Other Textile Products
MHRIL,Mahindra Holidays & Resorts India Limited,EQ,INE998I01010,Consumer Discretionary,Consumer Services,Leisure Services,Hotels & Resorts
MICEL,MIC Electronics Limited,BE,INE287C01037,Industrials,Capital Goods,Industrial Products,Other Industrial Products
MIDHANI,Mishra Dhatu Nigam Limited,EQ,INE099Z01011,Industrials,Capital Goods,Aerospace & Defense,Aerospace & Defense
MIDWESTLTD,Midwest Limited,EQ,INE0XAD01024,Consumer Discretionary,Consumer Durables,Consumer Durables,Granites & Marbles
MINDACORP,Minda Corporation Limited,EQ,INE842C01021,Consumer Discretionary,Automobile and Auto Components,Auto Components,Auto Components & Equipments
MINDTECK,Mindteck (India) Limited,EQ,INE110B01017,Information Technology,Information Technology,IT - Software,Computers - Software & Consulting
MIRZAINT,Mirza International Limited,EQ,INE771A01026,Consumer Discretionary,Consumer Durables,Consumer Durables,Leather And Leather Products
MITCON,MITCON Consultancy & Engineering Services Limited,BE,INE828O01033,Services,Services,Commercial Services & Supplies,Consulting Services
MITTAL,Mittal Life Style Limited,EQ,INE997Y01027,Consumer Discretionary,Textiles,Textiles & Apparels,Garments & Apparels
MKPL,M K Proteins Limited,EQ,INE964W01021,Fast Moving Consumer Goods,Fast Moving Consumer Goods,Agricultural Food & other Products,Edible Oil
MMFL,MM Forgings Limited,EQ,INE227C01017,Consumer Discretionary,Automobile and Auto Components,Auto Components,Auto Components & Equipments
MMP,MMP Industries Limited,EQ,INE511Y01018,Commodities,Metals & Mining,Non - Ferrous Metals,Aluminium
MMTC,MMTC Limited,EQ,INE123F01029,Services,Services,Commercial Services & Supplies,Trading & Distributors
MMWL,Media Matrix Worldwide Limited,BE,INE200D01020,Consumer Discretionary,Media Entertainment & Publication,Entertainment,Film Production Distribution & Exhibition
MOBIKWIK,One Mobikwik Systems Limited,EQ,INE0HLU01028,Financial Services,Financial Services,Financial Technology (Fintech),Financial Technology (Fintech)
MODINATUR,Modi Naturals Limited,BE,INE537F01012,Fast Moving Consumer Goods,Fast Moving Consumer Goods,Agricultural Food & other Products,Other Agricultural Products
MODIRUBBER,Modi Rubber Limited,EQ,INE832A01018,Consumer Discretionary,Automobile and Auto Components,Auto Components,Tyres & Rubber Products
MODIS,Modis Navnirman Limited,EQ,INE0L0L01012,Consumer Discretionary,Realty,Realty,Residential Commercial Projects
MODISONLTD,MODISON LIMITED,BE,INE737D01021,Industrials,Capital Goods,Electrical Equipment,Other Electrical Equipment
MODTHREAD,Modern Threads (India) Limited,EQ,INE794W01014,Consumer Discretionary,Textiles,Textiles & Apparels,Other Textile Products
MOHITIND,Mohit Industries Limited,EQ,INE954E01012,Consumer Discretionary,Textiles,Textiles & Apparels,Other Textile Products
MOIL,MOIL Limited,EQ,INE490G01020,Commodities,Metals & Mining,Minerals & Mining,Industrial Minerals
MOKSH,Moksh Ornaments Limited,EQ,INE514Y01020,Consumer Discretionary,Consumer Durables,Consumer Durables,Gems Jewellery And Watches
MOL,Meghmani Organics Limited,EQ,INE0CT101020,Commodities,Chemicals,Fertilizers & Agrochemicals,Pesticides & Agrochemicals
MOLDTECH,Mold-Tek Technologies Limited,EQ,INE835B01035,Industrials,Construction,Construction,Civil Construction
MOLDTKPAC,Mold-Tek Packaging Limited,EQ,INE893J01029,Industrials,Capital Goods,Industrial Products,Packaging
MONARCH,Monarch Networth Capital Limited,EQ,INE903D01011,Financial Services,Financial Services,Capital Markets,Stockbroking & Allied
MONEYBOXX,Moneyboxx Finance Limited,EQ,INE296Q01012,Financial Services,Financial Services,Finance,Non Banking Financial Company (NBFC)
MONTECARLO,Monte Carlo Fashions Limited,EQ,INE950M01013,Consumer Discretionary,Textiles,Textiles & Apparels,Garments & Apparels
MORARJEE,Morarjee Textiles Limited,BZ,INE161G01027,Consumer Discretionary,Textiles,Textiles & Apparels,Other Textile Products
MOREPENLAB,Morepen Laboratories Limited,EQ,INE083A01026,Healthcare,Healthcare,Pharmaceuticals & Biotechnology,Pharmaceuticals
MOSCHIP,Moschip Technologies Limited,EQ,INE935B01025,Information Technology,Information Technology,IT - Hardware,Computers Hardware & Equipments
MOTHERSON,Samvardhana Motherson International Limited,EQ,INE775A01035,Consumer Discretionary,Automobile and Auto Components,Auto Components,Auto Components & Equipments
MOTILALOFS,Motilal Oswal Financial Services Limited,EQ,INE338I01027,Financial Services,Financial Services,Capital Markets,Stockbroking & Allied
MOTISONS,Motisons Jewellers Limited,EQ,INE0FRK01020,Consumer Discretionary,Consumer Durables,Consumer Durables,Gems Jewellery And Watches
MOTOGENFIN,The Motor & General Finance Limited,BE,INE861B01023,Services,Services,Commercial Services & Supplies,Diversified Commercial Services
MPHASIS,MphasiS Limited,EQ,INE356A01018,Information Technology,Information Technology,IT - Software,Computers - Software & Consulting
MPSLTD,MPS Limited,EQ,INE943D01017,Consumer Discretionary,Media Entertainment & Publication,Printing & Publication,Printing & Publication
MRF,MRF Limited,EQ,INE883A01011,Consumer Discretionary,Automobile and Auto Components,Auto Components,Tyres & Rubber Products
MRPL,Mangalore Refinery and Petrochemicals Limited,EQ,INE103A01014,Energy,Oil Gas & Consumable Fuels,Petroleum Products,Refineries & Marketing
MSPL,MSP Steel & Power Limited,EQ,INE752G01015,Industrials,Capital Goods,Industrial Products,Iron & Steel Products
MSTCLTD,Mstc Limited,EQ,INE255X01014,Services,Services,Commercial Services & Supplies,Trading & Distributors
MSUMI,Motherson Sumi Wiring India Limited,EQ,INE0FS801015,Consumer Discretionary,Automobile and Auto Components,Auto Components,Auto Components & Equipments
MTARTECH,Mtar Technologies Limited,BE,INE864I01014,Industrials,Capital Goods,Electrical Equipment,Other Electrical Equipment
MTEDUCARE,MT Educare Limited,BE,INE472M01018,Consumer Discretionary,Consumer Services,Other Consumer Services,Education
MTNL,Mahanagar Telephone Nigam Limited,EQ,INE153A01019,Telecommunication,Telecommunication,Telecom - Services,Telecom - Cellular & Fixed line services
MUFIN,Mufin Green Finance Limited,EQ,INE08KJ01020,Financial Services,Financial Services,Finance,Non Banking Financial Company (NBFC)
MUFTI,Credo Brands Marketing Limited,EQ,INE220Q01020,Consumer Discretionary,Consumer Services,Retailing,Speciality Retail
MUKANDLTD,Mukand Limited,EQ,INE304A01026,Industrials,Capital Goods,Industrial Products,Iron & Steel Products
MUKKA,Mukka Proteins Limited,EQ,INE0CG401037,Fast Moving Consumer Goods,Fast Moving Consumer Goods,Food Products,Animal Feed
MUKTAARTS,Mukta Arts Limited,BE,INE374B01019,Consumer Discretionary,Media Entertainment & Publication,Entertainment,Film Production Distribution & Exhibition
MUNJALAU,Munjal Auto Industries Limited,EQ,INE672B01032,Consumer Discretionary,Automobile and Auto Components,Auto Components,Auto Components & Equipments
MUNJALSHOW,Munjal Showa Limited,EQ,INE577A01027,Consumer Discretionary,Automobile and Auto Components,Auto Components,Auto Components & Equipments
MURUDCERA,Murudeshwar Ceramics Limited,EQ,INE692B01014,Consumer Discretionary,Consumer Durables,Consumer Durables,Ceramics
MUTHOOTCAP,Muthoot Capital Services Limited,EQ,INE296G01013,Financial Services,Financial Services,Finance,Non Banking Financial Company (NBFC)
MUTHOOTFIN,Muthoot Finance Limited,EQ,INE414G01012,Financial Services,Financial Services,Finance,Non Banking Financial Company (NBFC)
MUTHOOTMF,Muthoot Microfin Limited,EQ,INE046W01019,Financial Services,Financial Services,Finance,Microfinance Institutions
MVGJL,Manoj Vaibhav Gems N Jewellers Limited,EQ,INE0KNT01012,Consumer Discretionary,Consumer Durables,Consumer Durables,Gems Jewellery And Watches
MWL,Mangalam Worldwide Limited,EQ,INE0JYY01011,Industrials,Capital Goods,Industrial Products,Iron & Steel Products
NACLIND,NACL Industries Limited,EQ,INE295D01020,Commodities,Chemicals,Fertilizers & Agrochemicals,Pesticides & Agrochemicals
NAGREEKCAP,Nagreeka Capital & Infrastructure Limited,BE,INE245I01016,Financial Services,Financial Services,Finance,Investment Company
NAGREEKEXP,Nagreeka Exports Limited,EQ,INE123B01028,Consumer Discretionary,Textiles,Textiles & Apparels,Other Textile Products
NAHARCAP,Nahar Capital and Financial Services Limited,EQ,INE049I01012,Financial Services,Financial Services,Finance,Investment Company
NAHARINDUS,Nahar Industrial Enterprises Limited,EQ,INE289A01011,Consumer Discretionary,Textiles,Textiles & Apparels,Other Textile Products
NAHARPOLY,Nahar Poly Films Limited,EQ,INE308A01027,Industrials,Capital Goods,Industrial Products,Packaging
NAHARSPING,Nahar Spinning Mills Limited,BE,INE290A01027,Consumer Discretionary,Textiles,Textiles & Apparels,Other Textile Products
NAM-INDIA,Nippon Life India Asset Management Limited,EQ,INE298J01013,Financial Services,Financial Services,Capital Markets,Asset Management Company
NARMADA,Narmada Agrobase Limited,EQ,INE117Z01011,Fast Moving Consumer Goods,Fast Moving Consumer Goods,Food Products,Animal Feed
NATCAPSUQ,Natural Capsules Limited,EQ,INE936B01015,Healthcare,Healthcare,Pharmaceuticals & Biotechnology,Pharmaceuticals
NATCOPHARM,Natco Pharma Limited,EQ,INE987B01026,Healthcare,Healthcare,Pharmaceuticals & Biotechnology,Pharmaceuticals
NATHBIOGEN,Nath Bio-Genes (India) Limited,EQ,INE448G01010,Fast Moving Consumer Goods,Fast Moving Consumer Goods,Agricultural Food & other Products,Other Agricultural Products
NATIONALUM,National Aluminium Company Limited,EQ,INE139A01034,Commodities,Metals & Mining,Non - Ferrous Metals,Aluminium
NATIONSTD,National Standard (India) Limited,EQ,INE166R01015,Consumer Discretionary,Realty,Realty,Residential Commercial Projects
NAUKRI,Info Edge (India) Limited,EQ,INE663F01032,Consumer Discretionary,Consumer Services,Retailing,Internet & Catalogue Retail
NAVA,NAVA LIMITED,EQ,INE725A01030,Utilities,Power,Power,Power Generation
NAVINFLUOR,Navin Fluorine International Limited,EQ,INE048G01026,Commodities,Chemicals,Chemicals & Petrochemicals,Specialty Chemicals
NAVKARCORP,Navkar Corporation Limited,EQ,INE278M01019,Services,Services,Transport Services,Logistics Solution Provider
NAVKARURB,Navkar Urbanstructure Limited,BE,INE268H01044,Industrials,Construction,Construction,Civil Construction
NAVNETEDUL,Navneet Education Limited,EQ,INE060A01024,Fast Moving Consumer Goods,Fast Moving Consumer Goods,Household Products,Stationary
NAZARA,Nazara Technologies Limited,EQ,INE418L01047,Consumer Discretionary,Media Entertainment & Publication,Entertainment,Digital Entertainment
NBCC,NBCC (India) Limited,EQ,INE095N01031,Industrials,Construction,Construction,Civil Construction
NBIFIN,N. B. I. Industrial Finance Company Limited,EQ,INE365I01020,Financial Services,Financial Services,Finance,Non Banking Financial Company (NBFC)
NCC,NCC Limited,EQ,INE868B01028,Industrials,Construction,Construction,Civil Construction
NCLIND,NCL Industries Limited,EQ,INE732C01016,Commodities,Construction Materials,Cement & Cement Products,Cement & Cement Products
NDGL,Naga Dhunseri Group Limited,EQ,INE756C01015,Financial Services,Financial Services,Finance,Investment Company
NDL,Nandan Denim Limited,EQ,INE875G01048,Consumer Discretionary,Textiles,Textiles & Apparels,Other Textile Products
NDLVENTURE,NDL Ventures Limited,EQ,INE353A01023,Financial Services,Financial Services,Finance,Other Financial Services
NDRAUTO,Ndr Auto Components Limited,EQ,INE07OG01012,Consumer Discretionary,Automobile and Auto Components,Auto Components,Auto Components & Equipments
NDTV,New Delhi Television Limited,EQ,INE155G01029,Consumer Discretionary,Media Entertainment & Publication,Entertainment,TV Broadcasting & Software Production
NEAGI,Neelamalai Agro Industries Limited,EQ,INE605D01012,Fast Moving Consumer Goods,Fast Moving Consumer Goods,Agricultural Food & other Products,Tea & Coffee
NECCLTD,North Eastern Carrying Corporation Limited,BE,INE553C01016,Services,Services,Transport Services,Logistics Solution Provider
NECLIFE,Nectar Lifesciences Limited,BE,INE023H01027,Healthcare,Healthcare,Pharmaceuticals & Biotechnology,Pharmaceuticals
NELCAST,Nelcast Limited,EQ,INE189I01024,Industrials,Capital Goods,Industrial Products,Castings & Forgings
NELCO,NELCO Limited,EQ,INE045B01015,Information Technology,Information Technology,IT - Hardware,Computers Hardware & Equipments
NEOGEN,Neogen Chemicals Limited,EQ,INE136S01016,Commodities,Chemicals,Chemicals & Petrochemicals,Specialty Chemicals
NEPHROPLUS,Nephrocare Health Services Limited,EQ,INE428V01029,Healthcare,Healthcare,Healthcare Services,Healthcare Service Provider
NESCO,Nesco Limited,EQ,INE317F01035,Services,Services,Commercial Services & Supplies,Diversified Commercial Services
NESTLEIND,Nestle India Limited,EQ,INE239A01024,Fast Moving Consumer Goods,Fast Moving Consumer Goods,Food Products,Packaged Foods
NETWEB,Netweb Technologies India Limited,EQ,INE0NT901020,Information Technology,Information Technology,IT - Services,IT Enabled Services
NETWORK18,Network18 Media & Investments Limited,EQ,INE870H01013,Consumer Discretionary,Media Entertainment & Publication,Entertainment,Media & Entertainment
NEUEON,Neueon Corporation Limited,BE,INE333I01044,Industrials,Capital Goods,Electrical Equipment,Heavy Electrical Equipment
NEULANDLAB,Neuland Laboratories Limited,EQ,INE794A01010,Healthcare,Healthcare,Pharmaceuticals & Biotechnology,Pharmaceuticals
NEWGEN,Newgen Software Technologies Limited,EQ,INE619B01017,Information Technology,Information Technology,IT - Software,Computers - Software & Consulting
NEXTMEDIA,Next Mediaworks Limited,EQ,INE747B01016,Consumer Discretionary,Media Entertainment & Publication,Entertainment,Media & Entertainment
NFL,National Fertilizers Limited,EQ,INE870D01012,Commodities,Chemicals,Fertilizers & Agrochemicals,Fertilizers
NGIL,Nakoda Group of Industries Limited,BE,INE236Y01012,Fast Moving Consumer Goods,Fast Moving Consumer Goods,Food Products,Packaged Foods
NGLFINE,NGL Fine-Chem Limited,EQ,INE887E01022,Healthcare,Healthcare,Pharmaceuticals & Biotechnology,Pharmaceuticals
NH,Narayana Hrudayalaya Ltd.,EQ,INE410P01011,Healthcare,Healthcare,Healthcare Services,Hospital
NHPC,NHPC Limited,EQ,INE848E01016,Utilities,Power,Power,Power Generation
NIACL,The New India Assurance Company Limited,EQ,INE470Y01017,Financial Services,Financial Services,Insurance,General Insurance
NIBE,NIBE Limited,EQ,INE149O01018,Industrials,Capital Goods,Aerospace & Defense,Aerospace & Defense
NIBL,NRB Industrial Bearings Limited,EQ,INE047O01014,Industrials,Capital Goods,Industrial Products,Abrasives & Bearings
NIITLTD,NIIT Limited,EQ,INE161A01038,Consumer Discretionary,Consumer Services,Other Consumer Services,Education
NIITMTS,NIIT Learning Systems Limited,EQ,INE342G01023,Consumer Discretionary,Consumer Services,Other Consumer Services,Education
NILAINFRA,Nila Infrastructures Limited,EQ,INE937C01029,Consumer Discretionary,Realty,Realty,Residential Commercial Projects
NILASPACES,Nila Spaces Limited,EQ,INE00S901012,Consumer Discretionary,Realty,Realty,Residential Commercial Projects
NILE,Nile Limited,EQ,INE445D01013,Commodities,Metals & Mining,Minerals & Mining,Industrial Minerals
NILKAMAL,Nilkamal Limited,EQ,INE310A01015,Consumer Discretionary,Consumer Durables,Consumer Durables,Plastic Products - Consumer
NIMBSPROJ,Nimbus Projects Limited,BE,INE875B01015,Consumer Discretionary,Realty,Realty,Residential Commercial Projects
NINSYS,NINtec Systems Limited,BE,INE395U01014,Information Technology,Information Technology,IT - Software,Computers - Software & Consulting
NIPPOBATRY,Indo-National Limited,EQ,INE567A01028,Fast Moving Consumer Goods,Fast Moving Consumer Goods,Household Products,Household Products
NIRAJ,Niraj Cement Structurals Limited,BE,INE368I01016,Industrials,Construction,Construction,Civil Construction
NIRAJISPAT,Niraj Ispat Industries Limited,EQ,INE326T01011,Consumer Discretionary,Consumer Durables,Consumer Durables,Plastic Products - Consumer
NIRLON,Nirlon Limited,EQ,INE910A01012,Services,Services,Commercial Services & Supplies,Diversified Commercial Services
NITCO,Nitco Limited,EQ,INE858F01012,Consumer Discretionary,Consumer Durables,Consumer Durables,Ceramics
NITINSPIN,Nitin Spinners Limited,EQ,INE229H01012,Consumer Discretionary,Textiles,Textiles & Apparels,Other Textile Products
NITIRAJ,Nitiraj Engineers Limited,EQ,INE439T01012,Industrials,Capital Goods,Electrical Equipment,Other Electrical Equipment
NITTAGELA,Nitta Gelatin India Limited,EQ,INE265B01019,Commodities,Chemicals,Chemicals & Petrochemicals,Specialty Chemicals
NIVABUPA,Niva Bupa Health Insurance Company Limited,EQ,INE995S01015,Financial Services,Financial Services,Insurance,General Insurance
NKIND,NK Industries Limited,EQ,INE542C01019,Fast Moving Consumer Goods,Fast Moving Consumer Goods,Agricultural Food & other Products,Edible Oil
NLCINDIA,NLC India Limited,EQ,INE589A01014,Utilities,Power,Power,Power Generation
NMDC,NMDC Limited,EQ,INE584A01023,Commodities,Metals & Mining,Minerals & Mining,Industrial Minerals
NOCIL,NOCIL Limited,EQ,INE163A01018,Commodities,Chemicals,Chemicals & Petrochemicals,Specialty Chemicals
NOIDATOLL,Noida Toll Bridge Company Limited,BE,INE781B01015,Services,Services,Transport Infrastructure,Road Assets - Toll Annuity Hybrid-Annuity
NORBTEAEXP,Norben Tea & Exports Limited,EQ,INE369C01017,Fast Moving Consumer Goods,Fast Moving Consumer Goods,Agricultural Food & other Products,Tea & Coffee
NORTHARC,Northern Arc Capital Limited,EQ,INE850M01015,Financial Services,Financial Services,Finance,Non Banking Financial Company (NBFC)
NOVAAGRI,Nova Agritech Limited,BE,INE02H701025,Commodities,Chemicals,Fertilizers & Agrochemicals,Fertilizers
NOVARTIND,Novartis India Limited,EQ,INE234A01025,Healthcare,Healthcare,Pharmaceuticals & Biotechnology,Pharmaceuticals
NPST,Network People Services Technologies Limited,EQ,INE0FFK01017,Financial Services,Financial Services,Financial Technology (Fintech),Financial Technology (Fintech)
NRAIL,N R Agarwal Industries Limited,EQ,INE740D01017,Commodities,Forest Materials,Paper Forest & Jute Products,Paper & Paper Products
NRBBEARING,NRB Bearing Limited,EQ,INE349A01021,Consumer Discretionary,Automobile and Auto Components,Auto Components,Auto Components & Equipments
NRL,Nupur Recyclers Limited,BE,INE0JM501013,Commodities,Metals & Mining,Metals & Minerals Trading,Trading - Metals
NSIL,Nalwa Sons Investments Limited,EQ,INE023A01030,Financial Services,Financial Services,Finance,Investment Company
NSLNISP,NMDC Steel Limited,EQ,INE0NNS01018,Commodities,Metals & Mining,Ferrous Metals,Iron & Steel
NTPC,NTPC Limited,EQ,INE733E01010,Utilities,Power,Power,Power Generation
NTPCGREEN,NTPC Green Energy Limited,EQ,INE0ONG01011,Utilities,Power,Power,Power Generation
NUCLEUS,Nucleus Software Exports Limited,EQ,INE096B01018,Information Technology,Information Technology,IT - Software,Software Products
NURECA,Nureca Limited,EQ,INE0DSF01015,Healthcare,Healthcare,Healthcare Equipment & Supplies,Medical Equipment & Supplies
NUVAMA,Nuvama Wealth Management Limited,EQ,INE531F01023,Financial Services,Financial Services,Capital Markets,Stockbroking & Allied
NUVOCO,Nuvoco Vistas Corporation Limited,EQ,INE118D01016,Commodities,Construction Materials,Cement & Cement Products,Cement & Cement Products
NYKAA,FSN E-Commerce Ventures Limited,EQ,INE388Y01029,Consumer Discretionary,Consumer Services,Retailing,E-Retail/ E-Commerce
OAL,Oriental Aromatics Limited,EQ,INE959C01023,Commodities,Chemicals,Chemicals & Petrochemicals,Specialty Chemicals
OBCL,Orissa Bengal Carrier Limited,EQ,INE426Z01016,Services,Services,Transport Services,Logistics Solution Provider
OBEROIRLTY,Oberoi Realty Limited,EQ,INE093I01010,Consumer Discretionary,Realty,Realty,Residential Commercial Projects
OCCLLTD,OCCL Limited,BE,INE0PK601023,Commodities,Chemicals,Chemicals & Petrochemicals,Commodity Chemicals
ODIGMA,Odigma Consultancy Solutions Limited,BE,INE054301028,Information Technology,Information Technology,IT - Services,IT Enabled Services
OFSS,Oracle Financial Services Software Limited,EQ,INE881D01027,Information Technology,Information Technology,IT - Software,Software Products
OIL,Oil India Limited,EQ,INE274J01014,Energy,Oil Gas & Consumable Fuels,Oil,Oil Exploration & Production
OILCOUNTUB,Oil Country Tubular Limited,BE,INE591A01010,Energy,Oil Gas & Consumable Fuels,Oil,Oil Equipment & Services
OLAELEC,Ola Electric Mobility Limited,EQ,INE0LXG01040,Consumer Discretionary,Automobile and Auto Components,Automobiles,2/3 Wheelers
OLECTRA,Olectra Greentech Limited,EQ,INE260D01016,Consumer Discretionary,Automobile and Auto Components,Automobiles,Passenger Cars & Utility Vehicles
OMAXAUTO,Omax Autos Limited,BE,INE090B01011,Consumer Discretionary,Automobile and Auto Components,Auto Components,Auto Components & Equipments
OMAXE,Omaxe Limited,EQ,INE800H01010,Consumer Discretionary,Realty,Realty,Residential Commercial Projects
OMFREIGHT,Om Freight Forwarders Limited,BE,INE1BZC01019,Services,Services,Transport Services,Logistics Solution Provider
OMINFRAL,OM INFRA LIMITED,EQ,INE239D01028,Industrials,Construction,Construction,Civil Construction
OMNI,Omnitech Engineering Limited,EQ,INE0UH301010,Industrials,Capital Goods,Industrial Manufacturing,Industrial Products
OMPOWER,Om Power Transmission Limited,EQ,INE25E901019,Industrials,Construction,Construction,Civil Construction
ONELIFECAP,Onelife Capital Advisors Limited,BE,INE912L01015,Financial Services,Financial Services,Capital Markets,Stockbroking & Allied
ONEPOINT,One Point One Solutions Limited,EQ,INE840Y01029,Services,Services,Commercial Services & Supplies,Business Process Outsourcing (BPO)/ Knowledge Process Outsourcing (KPO)
ONESOURCE,Onesource Specialty Pharma Limited,EQ,INE013P01021,Healthcare,Healthcare,Pharmaceuticals & Biotechnology,Pharmaceuticals
ONGC,Oil & Natural Gas Corporation Limited,EQ,INE213A01029,Energy,Oil Gas & Consumable Fuels,Oil,Oil Exploration & Production
ONIDA,Onida Electronics Limited,BE,INE831A01028,Consumer Discretionary,Consumer Durables,Consumer Durables,Consumer Electronics
ONMOBILE,OnMobile Global Limited,EQ,INE809I01019,Consumer Discretionary,Media Entertainment & Publication,Media,Web based media and service
ONWARDTEC,Onward Technologies Limited,EQ,INE229A01017,Information Technology,Information Technology,IT - Services,IT Enabled Services
OPTIEMUS,Optiemus Infracom Limited,EQ,INE350C01017,Telecommunication,Telecommunication,Telecom - Equipment & Accessories,Telecom - Equipment & Accessories
ORBTEXP,Orbit Exports Limited,BE,INE231G01010,Consumer Discretionary,Textiles,Textiles & Apparels,Other Textile Products
ORCHASP,Orchasp Limited,EQ,INE215B01022,Information Technology,Information Technology,IT - Software,Computers - Software & Consulting
ORCHPHARMA,Orchid Pharma Limited,EQ,INE191A01027,Healthcare,Healthcare,Pharmaceuticals & Biotechnology,Pharmaceuticals
ORICONENT,Oricon Enterprises Limited,EQ,INE730A01022,Industrials,Capital Goods,Industrial Products,Packaging
ORIENTALTL,Oriental Trimex Limited,EQ,INE998H01012,Consumer Discretionary,Consumer Durables,Consumer Durables,Granites & Marbles
ORIENTBELL,Orient Bell Limited,EQ,INE607D01018,Consumer Discretionary,Consumer Durables,Consumer Durables,Ceramics
ORIENTCEM,Orient Cement Limited,EQ,INE876N01018,Commodities,Construction Materials,Cement & Cement Products,Cement & Cement Products
ORIENTCER,ORIENT CERATECH LIMITED,EQ,INE569C01020,Industrials,Capital Goods,Industrial Products,Electrodes & Refractories
ORIENTELEC,Orient Electric Limited,EQ,INE142Z01019,Consumer Discretionary,Consumer Durables,Consumer Durables,Household Appliances
ORIENTHOT,Oriental Hotels Limited,EQ,INE750A01020,Consumer Discretionary,Consumer Services,Leisure Services,Hotels & Resorts
ORIENTLTD,Orient Press Limited,EQ,INE609C01024,Industrials,Capital Goods,Industrial Products,Packaging
ORIENTPPR,Orient Paper & Industries Limited,EQ,INE592A01026,Commodities,Forest Materials,Paper Forest & Jute Products,Paper & Paper Products
ORIENTTECH,Orient Technologies Limited,EQ,INE0PPK01015,Information Technology,Information Technology,IT - Services,IT Enabled Services
ORISSAMINE,The Orissa Minerals Development Company Limited,EQ,INE725E01024,Commodities,Metals & Mining,Minerals & Mining,Industrial Minerals
ORKLAINDIA,Orkla India Limited,EQ,INE16NZ01023,Fast Moving Consumer Goods,Fast Moving Consumer Goods,Food Products,Other Food Products
ORTEL,Ortel Communications Limited,BZ,INE849L01019,Consumer Discretionary,Media Entertainment & Publication,Entertainment,TV Broadcasting & Software Production
ORTINGLOBE,ORTIN GLOBAL LIMITED,BE,INE749B01020,Healthcare,Healthcare,Pharmaceuticals & Biotechnology,Pharmaceuticals
OSIAHYPER,Osia Hyper Retail Limited,BE,INE06IR01021,Consumer Discretionary,Consumer Services,Retailing,Diversified Retail
OSWALAGRO,Oswal Agro Mills Limited,BE,INE142A01012,Services,Services,Commercial Services & Supplies,Trading & Distributors
OSWALGREEN,Oswal Greentech Limited,EQ,INE143A01010,Financial Services,Financial Services,Finance,Investment Company
OSWALPUMPS,Oswal Pumps Limited,EQ,INE0BYP01024,Industrials,Capital Goods,Industrial Products,Compressors Pumps & Diesel Engines
OSWALSEEDS,ShreeOswal Seeds And Chemicals Limited,EQ,INE00IK01029,Fast Moving Consumer Goods,Fast Moving Consumer Goods,Agricultural Food & other Products,Other Agricultural Products
PACEDIGITK,Pace Digitek Limited,EQ,INE0S3G01027,Telecommunication,Telecommunication,Telecom - Services,Telecom - Infrastructure
PAGEIND,Page Industries Limited,EQ,INE761H01022,Consumer Discretionary,Textiles,Textiles & Apparels,Garments & Apparels
PAISALO,Paisalo Digital Limited,EQ,INE420C01059,Financial Services,Financial Services,Finance,Non Banking Financial Company (NBFC)
PAKKA,PAKKA LIMITED,EQ,INE551D01018,Commodities,Forest Materials,Paper Forest & Jute Products,Paper & Paper Products
PALASHSECU,Palash Securities Limited,EQ,INE471W01019,Fast Moving Consumer Goods,Fast Moving Consumer Goods,Food Products,Packaged Foods
PALREDTEC,Palred Technologies Limited,BE,INE218G01033,Services,Services,Commercial Services & Supplies,Trading & Distributors
PANACEABIO,Panacea Biotec Limited,EQ,INE922B01023,Healthcare,Healthcare,Pharmaceuticals & Biotechnology,Pharmaceuticals
PANACHE,Panache Digilife Limited,EQ,INE895W01019,Information Technology,Information Technology,IT - Services,IT Enabled Services
PANAMAPET,Panama Petrochem Limited,EQ,INE305C01029,Energy,Oil Gas & Consumable Fuels,Petroleum Products,Lubricants
PANSARI,Pansari Developers Limited,EQ,INE697V01011,Consumer Discretionary,Realty,Realty,Residential Commercial Projects
PAR,Par Drugs And Chemicals Limited,EQ,INE04LG01015,Healthcare,Healthcare,Pharmaceuticals & Biotechnology,Pharmaceuticals
PARACABLES,Paramount Communications Limited,EQ,INE074B01023,Industrials,Capital Goods,Industrial Products,Cables - Electricals
PARADEEP,Paradeep Phosphates Limited,EQ,INE088F01024,Commodities,Chemicals,Fertilizers & Agrochemicals,Fertilizers
PARAGMILK,Parag Milk Foods Limited,EQ,INE883N01014,Fast Moving Consumer Goods,Fast Moving Consumer Goods,Food Products,Dairy Products
PARAS,Paras Defence and Space Technologies Limited,EQ,INE045601023,Industrials,Capital Goods,Aerospace & Defense,Aerospace & Defense
PARASPETRO,Paras Petrofils Limited,EQ,INE162C01024,Financial Services,Financial Services,Finance,Investment Company
PARKHOSPS,Park Medi World Limited,EQ,INE119201023,Healthcare,Healthcare,Healthcare Services,Hospital
PARKHOTELS,Apeejay Surrendra Park Hotels Limited,EQ,INE988S01028,Consumer Discretionary,Consumer Services,Leisure Services,Hotels & Resorts
PARSVNATH,Parsvnath Developers Limited,BE,INE561H01026,Consumer Discretionary,Realty,Realty,Residential Commercial Projects
PASHUPATI,Pashupati Cotspin Limited,EQ,INE124Y01028,Consumer Discretionary,Textiles,Textiles & Apparels,Other Textile Products
PASUPTAC,Pasupati Acrylon Limited,BE,INE818B01023,Commodities,Chemicals,Chemicals & Petrochemicals,Petrochemicals
PATANJALI,Patanjali Foods Limited,EQ,INE619A01035,Fast Moving Consumer Goods,Fast Moving Consumer Goods,Agricultural Food & other Products,Edible Oil
PATELENG,Patel Engineering Limited,EQ,INE244B01030,Industrials,Construction,Construction,Civil Construction
PATELRMART,Patel Retail Limited,EQ,INE0R8B01010,Consumer Discretionary,Consumer Services,Retailing,Diversified Retail
PATINTLOG,Patel Integrated Logistics Limited,BE,INE529D01014,Services,Services,Transport Services,Logistics Solution Provider
PAUSHAKLTD,Paushak Limited,EQ,INE111F01024,Commodities,Chemicals,Chemicals & Petrochemicals,Specialty Chemicals
PAVNAIND,Pavna Industries Limited,BE,INE07S101038,Consumer Discretionary,Automobile and Auto Components,Auto Components,Auto Components & Equipments
PAYTM,One 97 Communications Limited,EQ,INE982J01020,Financial Services,Financial Services,Financial Technology (Fintech),Financial Technology (Fintech)
PCBL,PCBL Chemical Limited,EQ,INE602A01031,Commodities,Chemicals,Chemicals & Petrochemicals,Carbon Black
PCJEWELLER,PC Jeweller Limited,EQ,INE785M01021,Consumer Discretionary,Consumer Durables,Consumer Durables,Gems Jewellery And Watches
PDMJEPAPER,Pudumjee Paper Products Limited,EQ,INE865T01018,Commodities,Forest Materials,Paper Forest & Jute Products,Paper & Paper Products
PDSL,PDS Limited,EQ,INE111Q01021,Consumer Discretionary,Textiles,Textiles & Apparels,Trading - Textile Products
PEARLPOLY,Pearl Polymers Limited,BE,INE844A01013,Consumer Discretionary,Consumer Durables,Consumer Durables,Plastic Products - Consumer
PENIND,Pennar Industries Limited,EQ,INE932A01024,Industrials,Capital Goods,Industrial Manufacturing,Industrial Products
PENINLAND,Peninsula Land Limited,BE,INE138A01028,Consumer Discretionary,Realty,Realty,Residential Commercial Projects
PERSISTENT,Persistent Systems Limited,EQ,INE262H01021,Information Technology,Information Technology,IT - Software,Computers - Software & Consulting
PETRONET,Petronet LNG Limited,EQ,INE347G01014,Energy,Oil Gas & Consumable Fuels,Gas,LPG/CNG/PNG/LNG Supplier
PFC,Power Finance Corporation Limited,EQ,INE134E01011,Financial Services,Financial Services,Finance,Financial Institution
PFIZER,Pfizer Limited,EQ,INE182A01018,Healthcare,Healthcare,Pharmaceuticals & Biotechnology,Pharmaceuticals
PFOCUS,Prime Focus Limited,BE,INE367G01038,Consumer Discretionary,Media Entertainment & Publication,Entertainment,Media & Entertainment
PFS,PTC India Financial Services Limited,EQ,INE560K01014,Financial Services,Financial Services,Finance,Non Banking Financial Company (NBFC)
PGEL,PG Electroplast Limited,EQ,INE457L01029,Consumer Discretionary,Consumer Durables,Consumer Durables,Consumer Electronics
PGHH,Procter & Gamble Hygiene and Health Care Limited,EQ,INE179A01014,Fast Moving Consumer Goods,Fast Moving Consumer Goods,Personal Products,Personal Care
PGHL,Procter & Gamble Health Limited,EQ,INE199A01012,Healthcare,Healthcare,Pharmaceuticals & Biotechnology,Pharmaceuticals
PGIL,Pearl Global Industries Limited,EQ,INE940H01022,Consumer Discretionary,Textiles,Textiles & Apparels,Garments & Apparels
PHOENIXLTD,The Phoenix Mills Limited,EQ,INE211B01039,Consumer Discretionary,Realty,Realty,Residential Commercial Projects
PICCADIL,Piccadily Agro Industries Limited,EQ,INE546C01010,Fast Moving Consumer Goods,Fast Moving Consumer Goods,Beverages,Breweries & Distilleries
PIDILITIND,Pidilite Industries Limited,EQ,INE318A01026,Commodities,Chemicals,Chemicals & Petrochemicals,Specialty Chemicals
PIGL,Power & Instrumentation (Gujarat) Limited,EQ,INE557Z01018,Industrials,Capital Goods,Electrical Equipment,Other Electrical Equipment
PIIND,PI Industries Limited,EQ,INE603J01030,Commodities,Chemicals,Fertilizers & Agrochemicals,Pesticides & Agrochemicals
PILANIINVS,Pilani Investment and Industries Corporation Limited,EQ,INE417C01014,Financial Services,Financial Services,Finance,Investment Company
PILITA,PIL ITALICA LIFESTYLE LIMITED,BE,INE600A01035,Consumer Discretionary,Consumer Durables,Consumer Durables,Plastic Products - Consumer
PINELABS,Pine Labs Limited,EQ,INE15B701018,Financial Services,Financial Services,Financial Technology (Fintech),Financial Technology (Fintech)
PIONEEREMB,Pioneer Embroideries Limited,EQ,INE156C01018,Consumer Discretionary,Textiles,Textiles & Apparels,Other Textile Products
PIONRINV,Pioneer Investcorp Limited,EQ,INE746D01014,Financial Services,Financial Services,Finance,Other Financial Services
PIRAMALFIN,Piramal Finance Limited,EQ,INE202B01038,Financial Services,Financial Services,Finance,Non Banking Financial Company (NBFC)
PITTIENG,Pitti Engineering Limited,EQ,INE450D01021,Industrials,Capital Goods,Industrial Manufacturing,Industrial Products
PIXTRANS,Pix Transmissions Limited,EQ,INE751B01018,Industrials,Capital Goods,Industrial Products,Rubber
PKTEA,The Peria Karamalai Tea & Produce Company Limited,EQ,INE431F01018,Fast Moving Consumer Goods,Fast Moving Consumer Goods,Agricultural Food & other Products,Tea & Coffee
PLASTIBLEN,Plastiblends India Limited,EQ,INE083C01022,Commodities,Chemicals,Chemicals & Petrochemicals,Specialty Chemicals
PLATIND,Platinum Industries Limited,EQ,INE0PT501018,Commodities,Chemicals,Chemicals & Petrochemicals,Specialty Chemicals
PLAZACABLE,Plaza Wires Limited,BE,INE0INJ01017,Industrials,Capital Goods,Industrial Products,Cables - Electricals
PML,Paul Merchants Limited,EQ,INE291E01019,Financial Services,Financial Services,Finance,Other Financial Services
PNB,Punjab National Bank,EQ,INE160A01022,Financial Services,Financial Services,Banks,Public Sector Bank
PNBGILTS,PNB Gilts Limited,EQ,INE859A01011,Financial Services,Financial Services,Finance,Investment Company
PNBHOUSING,PNB Housing Finance Limited,EQ,INE572E01012,Financial Services,Financial Services,Finance,Housing Finance Company
PNC,Pritish Nandy Communications Limited,EQ,INE392B01011,Consumer Discretionary,Media Entertainment & Publication,Entertainment,Film Production Distribution & Exhibition
PNCINFRA,PNC Infratech Limited,EQ,INE195J01029,Industrials,Construction,Construction,Civil Construction
PNGJL,P N Gadgil Jewellers Limited,EQ,INE953R01016,Consumer Discretionary,Consumer Durables,Consumer Durables,Gems Jewellery And Watches
PNGSREVA,PNGS Reva Diamond Jewellery Limited,EQ,INE1RDG01013,Consumer Discretionary,Consumer Durables,Consumer Durables,Gems Jewellery And Watches
POCL,Pondy Oxides & Chemicals Limited,EQ,INE063E01053,Commodities,Metals & Mining,Diversified Metals,Diversified Metals
PODDARMENT,Poddar Pigments Limited,EQ,INE371C01013,Commodities,Chemicals,Chemicals & Petrochemicals,Dyes And Pigments
POKARNA,Pokarna Limited,EQ,INE637C01025,Consumer Discretionary,Consumer Durables,Consumer Durables,Granites & Marbles
POLICYBZR,PB Fintech Limited,EQ,INE417T01026,Financial Services,Financial Services,Financial Technology (Fintech),Financial Technology (Fintech)
POLYCAB,Polycab India Limited,EQ,INE455K01017,Industrials,Capital Goods,Industrial Products,Cables - Electricals
POLYMED,Poly Medicure Limited,EQ,INE205C01021,Healthcare,Healthcare,Healthcare Equipment & Supplies,Medical Equipment & Supplies
POLYPLEX,Polyplex Corporation Limited,EQ,INE633B01018,Industrials,Capital Goods,Industrial Products,Packaging
PONNIERODE,Ponni Sugars (Erode) Limited,EQ,INE838E01017,Fast Moving Consumer Goods,Fast Moving Consumer Goods,Agricultural Food & other Products,Sugar
POONAWALLA,Poonawalla Fincorp Limited,EQ,INE511C01022,Financial Services,Financial Services,Finance,Non Banking Financial Company (NBFC)
POWERGRID,Power Grid Corporation of India Limited,EQ,INE752E01010,Utilities,Power,Power,Power - Transmission
POWERICA,Powerica Limited,EQ,INE921L01032,Industrials,Capital Goods,Electrical Equipment,Heavy Electrical Equipment
POWERINDIA,Hitachi Energy India Limited,EQ,INE07Y701011,Industrials,Capital Goods,Electrical Equipment,Heavy Electrical Equipment
POWERMECH,Power Mech Projects Limited,EQ,INE211R01019,Industrials,Construction,Construction,Civil Construction
PPAP,PPAP Automotive Limited,EQ,INE095I01015,Consumer Discretionary,Automobile and Auto Components,Auto Components,Auto Components & Equipments
PPL,Prakash Pipes Limited,BE,INE050001010,Industrials,Capital Goods,Industrial Products,Plastic Products - Industrial
PPLPHARMA,Piramal Pharma Limited,EQ,INE0DK501011,Healthcare,Healthcare,Pharmaceuticals & Biotechnology,Pharmaceuticals
PRABHA,Prabha Energy Limited,EQ,INE0I0M01023,Energy,Oil Gas & Consumable Fuels,Oil,Oil Exploration & Production
PRADPME,Pradeep Metals Limited,BE,INE770A01010,Consumer Discretionary,Automobile and Auto Components,Auto Components,Auto Components & Equipments
PRAENG,Prajay Engineers Syndicate Limited,EQ,INE505C01016,Consumer Discretionary,Realty,Realty,Residential Commercial Projects
PRAJIND,Praj Industries Limited,EQ,INE074A01025,Industrials,Capital Goods,Industrial Manufacturing,Industrial Products
PRAKASH,Prakash Industries Limited,EQ,INE603A01013,Commodities,Metals & Mining,Ferrous Metals,Iron & Steel
PRAKASHSTL,Prakash Steelage Limited,EQ,INE696K01024,Industrials,Capital Goods,Industrial Products,Iron & Steel Products
PRAVEG,Praveg Limited,EQ,INE722B01019,Consumer Discretionary,Consumer Services,Leisure Services,Hotels & Resorts
PRAXIS,Praxis Home Retail Limited,BE,INE546Y01022,Consumer Discretionary,Consumer Services,Retailing,Speciality Retail
PRECAM,Precision Camshafts Limited,EQ,INE484I01029,Consumer Discretionary,Automobile and Auto Components,Auto Components,Auto Components & Equipments
PRECOT,Precot Limited,EQ,INE283A01014,Consumer Discretionary,Textiles,Textiles & Apparels,Other Textile Products
PRECWIRE,Precision Wires India Limited,EQ,INE372C01037,Industrials,Capital Goods,Industrial Products,Aluminium Copper & Zinc Products
PREMCO,Premco Global Limited,EQ,INE001E01012,Consumer Discretionary,Textiles,Textiles & Apparels,Other Textile Products
PREMEXPLN,Premier Explosives Limited,EQ,INE863B01029,Commodities,Chemicals,Chemicals & Petrochemicals,Explosives
PREMIER,Premier Limited,BE,INE342A01018,Industrials,Capital Goods,Industrial Manufacturing,Industrial Products
PREMIERENE,Premier Energies Limited,EQ,INE0BS701011,Industrials,Capital Goods,Electrical Equipment,Other Electrical Equipment
PREMIERPOL,Premier Polyfilm Limited,BE,INE309M01020,Industrials,Capital Goods,Industrial Products,Plastic Products - Industrial
PRESTIGE,Prestige Estates Projects Limited,EQ,INE811K01011,Consumer Discretionary,Realty,Realty,Residential Commercial Projects
PRICOLLTD,Pricol Limited,EQ,INE726V01018,Consumer Discretionary,Automobile and Auto Components,Auto Components,Auto Components & Equipments
PRIMESECU,Prime Securities Limited,EQ,INE032B01021,Financial Services,Financial Services,Finance,Other Financial Services
PRIMO,Primo Chemicals Limited,EQ,INE607A01022,Commodities,Chemicals,Chemicals & Petrochemicals,Commodity Chemicals
PRINCEPIPE,Prince Pipes And Fittings Limited,EQ,INE689W01016,Industrials,Capital Goods,Industrial Products,Plastic Products - Industrial
PRITI,Priti International Limited,BE,INE974Z01015,Consumer Discretionary,Consumer Durables,Consumer Durables,Furniture Home Furnishing
PRITIKAUTO,Pritika Auto Industries Limited,BE,INE583R01029,Consumer Discretionary,Automobile and Auto Components,Auto Components,Auto Components & Equipments
PRIVISCL,Privi Speciality Chemicals Limited,EQ,INE959A01019,Commodities,Chemicals,Chemicals & Petrochemicals,Specialty Chemicals
PROSTARM,Prostarm Info Systems Limited,EQ,INE0BX301013,Industrials,Capital Goods,Electrical Equipment,Other Electrical Equipment
PROTEAN,Protean eGov Technologies Limited,EQ,INE004A01022,Information Technology,Information Technology,IT - Services,IT Enabled Services
PROZONER,Prozone Realty Limited,EQ,INE195N01013,Consumer Discretionary,Realty,Realty,Real Estate related services
PRSMJOHNSN,Prism Johnson Limited,EQ,INE010A01011,Commodities,Construction Materials,Cement & Cement Products,Cement & Cement Products
PRUDENT,Prudent Corporate Advisory Services Limited,EQ,INE00F201020,Financial Services,Financial Services,Capital Markets,Financial Products Distributor
PRUDMOULI,Prudential Sugar Corporation Limited,BE,INE024D01016,Fast Moving Consumer Goods,Fast Moving Consumer Goods,Agricultural Food & other Products,Sugar
PSB,Punjab & Sind Bank,EQ,INE608A01012,Financial Services,Financial Services,Banks,Public Sector Bank
PSPPROJECT,PSP Projects Limited,EQ,INE488V01015,Industrials,Construction,Construction,Civil Construction
PTC,PTC India Limited,EQ,INE877F01012,Utilities,Power,Power,Power Trading
PTCIL,PTC Industries Limited,EQ,INE596F01018,Industrials,Capital Goods,Industrial Products,Castings & Forgings
PTL,PTL Enterprises Limited,EQ,INE034D01049,Services,Services,Commercial Services & Supplies,Diversified Commercial Services
PUNJABCHEM,Punjab Chemicals & Crop Protection Limited,EQ,INE277B01014,Commodities,Chemicals,Fertilizers & Agrochemicals,Pesticides & Agrochemicals
PURVA,Puravankara Limited,EQ,INE323I01011,Consumer Discretionary,Realty,Realty,Residential Commercial Projects
PVP,PVP Ventures Limited,EQ,INE362A01016,Consumer Discretionary,Realty,Realty,Residential Commercial Projects
PVRINOX,PVR INOX Limited,EQ,INE191H01014,Consumer Discretionary,Media Entertainment & Publication,Entertainment,Film Production Distribution & Exhibition
PVSL,Popular Vehicles and Services Limited,EQ,INE772T01024,Consumer Discretionary,Automobile and Auto Components,Automobiles,Auto Dealer
PWL,Physicswallah Limited,EQ,INE0LP301011,Consumer Discretionary,Consumer Services,Other Consumer Services,E-Learning
PYRAMID,Pyramid Technoplast Limited,EQ,INE0MIS01010,Industrials,Capital Goods,Industrial Products,Packaging
QMSMEDI,QMS Medical Allied Services Limited,EQ,INE0FMW01018,Healthcare,Healthcare,Healthcare Equipment & Supplies,Medical Equipment & Supplies
QPOWER,Quality Power Electrical Equipments Limited,BE,INE0SII01026,Industrials,Capital Goods,Electrical Equipment,Heavy Electrical Equipment
QUADFUTURE,Quadrant Future Tek Limited,EQ,INE0LRY01011,Industrials,Capital Goods,Industrial Products,Cables - Electricals
QUESS,Quess Corp Limited,EQ,INE615P01015,Services,Services,Commercial Services & Supplies,Diversified Commercial Services
QUICKHEAL,Quick Heal Technologies Limited,BE,INE306L01010,Information Technology,Information Technology,IT - Software,Software Products
QUINT,Quint Digital Limited,EQ,INE641R01017,Consumer Discretionary,Media Entertainment & Publication,Media,Electronic Media
RACE,Race Eco Chain Limited,BE,INE084Q01012,Utilities,Utilities,Other Utilities,Waste Management
RACLGEAR,RACL Geartech Limited,EQ,INE704B01017,Consumer Discretionary,Automobile and Auto Components,Auto Components,Auto Components & Equipments
RADAAN,Radaan Mediaworks India Limited,EQ,INE874F01027,Consumer Discretionary,Media Entertainment & Publication,Entertainment,Media & Entertainment
RADHIKAJWE,Radhika Jeweltech Limited,EQ,INE583V01021,Consumer Discretionary,Consumer Durables,Consumer Durables,Gems Jewellery And Watches
RADIANTCMS,Radiant Cash Management Services Limited,EQ,INE855R01021,Services,Services,Commercial Services & Supplies,Diversified Commercial Services
RADICO,Radico Khaitan Limited,EQ,INE944F01028,Fast Moving Consumer Goods,Fast Moving Consumer Goods,Beverages,Breweries & Distilleries
RADIOCITY,Music Broadcast Limited,EQ,INE919I01024,Consumer Discretionary,Media Entertainment & Publication,Entertainment,Media & Entertainment
RAILTEL,Railtel Corporation Of India Limited,EQ,INE0DD101019,Telecommunication,Telecommunication,Telecom - Services,Other Telecom Services
RAIN,Rain Industries Limited,EQ,INE855B01025,Commodities,Chemicals,Chemicals & Petrochemicals,Petrochemicals
RAINBOW,Rainbow Childrens Medicare Limited,EQ,INE961O01016,Healthcare,Healthcare,Healthcare Services,Hospital
RAJESHEXPO,Rajesh Exports Limited,BZ,INE343B01030,Consumer Discretionary,Consumer Durables,Consumer Durables,Gems Jewellery And Watches
RAJMET,Rajnandini Metal Limited,EQ,INE00KV01022,Industrials,Capital Goods,Industrial Products,Aluminium Copper & Zinc Products
RAJOOENG,Rajoo Engineers Limited,BE,INE535F01024,Industrials,Capital Goods,Industrial Manufacturing,Industrial Products
RAJPALAYAM,Rajapalayam Mills Limited,EQ,INE296E01026,Consumer Discretionary,Textiles,Textiles & Apparels,Other Textile Products
RAJRATAN,Rajratan Global Wire Limited,EQ,INE451D01029,Consumer Discretionary,Automobile and Auto Components,Auto Components,Auto Components & Equipments
RAJRILTD,Raj Rayon Industries Limited,BE,INE533D01032,Consumer Discretionary,Textiles,Textiles & Apparels,Other Textile Products
RAJSREESUG,Rajshree Sugars & Chemicals Limited,EQ,INE562B01019,Fast Moving Consumer Goods,Fast Moving Consumer Goods,Agricultural Food & other Products,Sugar
RAJTV,Raj Television Network Limited,EQ,INE952H01027,Consumer Discretionary,Media Entertainment & Publication,Entertainment,TV Broadcasting & Software Production
RALLIS,Rallis India Limited,EQ,INE613A01020,Commodities,Chemicals,Fertilizers & Agrochemicals,Pesticides & Agrochemicals
RAMANEWS,Shree Rama Newsprint Limited,EQ,INE278B01020,Fast Moving Consumer Goods,Fast Moving Consumer Goods,Beverages,Other Beverages
RAMAPHO,Rama Phosphates Limited,EQ,INE809A01032,Commodities,Chemicals,Fertilizers & Agrochemicals,Fertilizers
RAMASTEEL,Rama Steel Tubes Limited,BE,INE230R01035,Industrials,Capital Goods,Industrial Products,Iron & Steel Products
RAMBHAJO,Advit Jewels Limited,BE,INE1SJO01012,Consumer Discretionary,Consumer Durables,Consumer Durables,Gems Jewellery And Watches
RAMCOCEM,The Ramco Cements Limited,EQ,INE331A01037,Commodities,Construction Materials,Cement & Cement Products,Cement & Cement Products
RAMCOIND,Ramco Industries Limited,EQ,INE614A01028,Commodities,Construction Materials,Other Construction Materials,Other Construction Materials
RAMCOSYS,Ramco Systems Limited,EQ,INE246B01019,Information Technology,Information Technology,IT - Software,Software Products
RAMKY,Ramky Infrastructure Limited,EQ,INE874I01013,Industrials,Construction,Construction,Civil Construction
RAMRAT,Ram Ratna Wires Limited,EQ,INE207E01023,Industrials,Capital Goods,Electrical Equipment,Other Electrical Equipment
RANASUG,Rana Sugars Limited,EQ,INE625B01014,Fast Moving Consumer Goods,Fast Moving Consumer Goods,Diversified FMCG,Diversified FMCG
RANEHOLDIN,Rane Holdings Limited,EQ,INE384A01010,Financial Services,Financial Services,Finance,Holding Company
RATEGAIN,Rategain Travel Technologies Limited,EQ,INE0CLI01024,Information Technology,Information Technology,IT - Software,Computers - Software & Consulting
RATNAMANI,Ratnamani Metals & Tubes Limited,EQ,INE703B01027,Industrials,Capital Goods,Industrial Products,Iron & Steel Products
RATNAVEER,Ratnaveer Precision Engineering Limited,EQ,INE05CZ01011,Industrials,Capital Goods,Industrial Products,Iron & Steel Products
RAYMOND,Raymond Limited,EQ,INE301A01014,Industrials,Capital Goods,Industrial Manufacturing,Industrial Products
RAYMONDLSL,Raymond Lifestyle Limited,EQ,INE02ID01020,Consumer Discretionary,Textiles,Textiles & Apparels,Other Textile Products
RAYMONDREL,Raymond Realty Limited,EQ,INE1SY401010,Consumer Discretionary,Realty,Realty,Residential Commercial Projects
RBA,Restaurant Brands Asia Limited,EQ,INE07T201019,Consumer Discretionary,Consumer Services,Leisure Services,Restaurants
RBLBANK,RBL Bank Limited,EQ,INE976G01028,Financial Services,Financial Services,Banks,Private Sector Bank
RBZJEWEL,RBZ Jewellers Limited,EQ,INE0PEQ01016,Consumer Discretionary,Consumer Durables,Consumer Durables,Gems Jewellery And Watches
RCF,Rashtriya Chemicals and Fertilizers Limited,EQ,INE027A01015,Commodities,Chemicals,Fertilizers & Agrochemicals,Fertilizers
RCOM,Reliance Communications Limited,BE,INE330H01018,Telecommunication,Telecommunication,Telecom - Services,Telecom - Cellular & Fixed line services
RECLTD,REC Limited,EQ,INE020B01018,Financial Services,Financial Services,Finance,Financial Institution
REDINGTON,Redington Limited,EQ,INE891D01026,Services,Services,Commercial Services & Supplies,Trading & Distributors
REDTAPE,Redtape Limited,EQ,INE0LXT01019,Consumer Discretionary,Consumer Durables,Consumer Durables,Footwear
REFEX,Refex Industries Limited,EQ,INE056I01025,Utilities,Utilities,Other Utilities,Waste Management
REGAAL,Regaal Resources Limited,BE,INE0MHO01029,Fast Moving Consumer Goods,Fast Moving Consumer Goods,Agricultural Food & other Products,Other Agricultural Products
REGENCERAM,Regency Ceramics Limited,EQ,INE277C01012,Consumer Discretionary,Consumer Durables,Consumer Durables,Ceramics
RELAXO,Relaxo Footwears Limited,EQ,INE131B01039,Consumer Discretionary,Consumer Durables,Consumer Durables,Footwear
RELCHEMQ,Reliance Chemotex Industries Limited,EQ,INE750D01016,Consumer Discretionary,Textiles,Textiles & Apparels,Other Textile Products
RELIABLE,Reliable Data Services Limited,EQ,INE375Y01018,Financial Services,Financial Services,Finance,Other Financial Services
RELIANCE,Reliance Industries Limited,EQ,INE002A01018,Energy,Oil Gas & Consumable Fuels,Petroleum Products,Refineries & Marketing
RELIGARE,Religare Enterprises Limited,EQ,INE621H01010,Financial Services,Financial Services,Finance,Investment Company
RELTD,Ravindra Energy Limited,EQ,INE206N01018,Industrials,Capital Goods,Electrical Equipment,Other Electrical Equipment
REMSONSIND,Remsons Industries Limited,EQ,INE474C01023,Consumer Discretionary,Automobile and Auto Components,Auto Components,Auto Components & Equipments
RENUKA,Shree Renuka Sugars Limited,EQ,INE087H01022,Fast Moving Consumer Goods,Fast Moving Consumer Goods,Agricultural Food & other Products,Sugar
REPCOHOME,Repco Home Finance Limited,EQ,INE612J01015,Financial Services,Financial Services,Finance,Housing Finance Company
REPL,Rudrabhishek Enterprises Limited,BE,INE364Z01019,Consumer Discretionary,Realty,Realty,Real Estate related services
REPRO,Repro India Limited,EQ,INE461B01014,Consumer Discretionary,Media Entertainment & Publication,Printing & Publication,Printing & Publication
RESPONIND,Responsive Industries Limited,EQ,INE688D01026,Consumer Discretionary,Consumer Durables,Consumer Durables,Furniture Home Furnishing
RETAIL,JHS Svendgaard Retail Ventures Limited,EQ,INE03DD01011,Consumer Discretionary,Consumer Services,Retailing,Diversified Retail
RGL,Renaissance Global Limited,EQ,INE722H01024,Consumer Discretionary,Consumer Durables,Consumer Durables,Gems Jewellery And Watches
RHETAN,Rhetan TMT Limited,EQ,INE0KKN01029,Industrials,Capital Goods,Industrial Products,Iron & Steel Products
RHFL,Reliance Home Finance Limited,BZ,INE217K01011,Financial Services,Financial Services,Finance,Housing Finance Company
RHIM,RHI MAGNESITA INDIA LIMITED,EQ,INE743M01012,Industrials,Capital Goods,Industrial Products,Electrodes & Refractories
RHL,Robust Hotels Limited,EQ,INE508K01013,Consumer Discretionary,Consumer Services,Leisure Services,Hotels & Resorts
RICOAUTO,Rico Auto Industries Limited,EQ,INE209B01025,Consumer Discretionary,Automobile and Auto Components,Auto Components,Auto Components & Equipments
RIIL,Reliance Industrial Infrastructure Limited,EQ,INE046A01015,Services,Services,Transport Services,Logistics Solution Provider
RISHABH,Rishabh Instruments Limited,EQ,INE0N2P01017,Industrials,Capital Goods,Electrical Equipment,Other Electrical Equipment
RITCO,Ritco Logistics Limited,EQ,INE01EG01016,Services,Services,Transport Services,Logistics Solution Provider
RITES,RITES Limited,EQ,INE320J01015,Industrials,Construction,Construction,Civil Construction
RKDL,Ravi Kumar Distilleries Limited,EQ,INE722J01012,Fast Moving Consumer Goods,Fast Moving Consumer Goods,Beverages,Breweries & Distilleries
RKEC,RKEC Projects Limited,EQ,INE786W01010,Industrials,Construction,Construction,Civil Construction
RKFORGE,Ramkrishna Forgings Limited,EQ,INE399G01023,Consumer Discretionary,Automobile and Auto Components,Auto Components,Auto Components & Equipments
RKSWAMY,R K Swamy Limited,EQ,INE0NQ801033,Consumer Discretionary,Media Entertainment & Publication,Media,Advertising & Media Agencies
RMC,RMC Switchgears Limited,EQ,INE655V01019,Industrials,Capital Goods,Electrical Equipment,Other Electrical Equipment
RMDRIP,R M Drip and Sprinklers Systems Limited,EQ,INE219Y01026,Industrials,Capital Goods,Industrial Products,Plastic Products - Industrial
RML,Rane (Madras) Limited,EQ,INE050H01012,Consumer Discretionary,Automobile and Auto Components,Auto Components,Auto Components & Equipments
RNBDENIMS,R&B Denims Limited,EQ,INE012Q01039,Consumer Discretionary,Textiles,Textiles & Apparels,Other Textile Products
ROHLTD,Royal Orchid Hotels Limited,EQ,INE283H01019,Consumer Discretionary,Consumer Services,Leisure Services,Hotels & Resorts
ROLEXRINGS,Rolex Rings Limited,EQ,INE645S01024,Consumer Discretionary,Automobile and Auto Components,Auto Components,Auto Components & Equipments
ROLLT,Rollatainers Limited,BE,INE927A01040,Industrials,Capital Goods,Industrial Products,Packaging
ROML,Raj Oil Mills Limited,EQ,INE294G01026,Fast Moving Consumer Goods,Fast Moving Consumer Goods,Agricultural Food & other Products,Edible Oil
ROSSARI,Rossari Biotech Limited,EQ,INE02A801020,Commodities,Chemicals,Chemicals & Petrochemicals,Specialty Chemicals
ROSSELLIND,Rossell India Limited,EQ,INE847C01020,Fast Moving Consumer Goods,Fast Moving Consumer Goods,Agricultural Food & other Products,Tea & Coffee
ROSSTECH,Rossell Techsys Limited,EQ,INE0OJW01016,Industrials,Capital Goods,Aerospace & Defense,Aerospace & Defense
ROTO,Roto Pumps Limited,EQ,INE535D01037,Industrials,Capital Goods,Industrial Products,Compressors Pumps & Diesel Engines
ROUTE,ROUTE MOBILE LIMITED,EQ,INE450U01017,Telecommunication,Telecommunication,Telecom - Services,Other Telecom Services
RPEL,Raghav Productivity Enhancers Limited,EQ,INE912T01018,Industrials,Capital Goods,Industrial Products,Electrodes & Refractories
RPGLIFE,RPG Life Sciences Limited,EQ,INE105J01010,Healthcare,Healthcare,Pharmaceuticals & Biotechnology,Pharmaceuticals
RPOWER,Reliance Power Limited,EQ,INE614G01033,Utilities,Power,Power,Power Generation
RPPINFRA,R.P.P. Infra Projects Limited,EQ,INE324L01013,Industrials,Construction,Construction,Civil Construction
RPPL,Rajshree Polypack Limited,EQ,INE760W01023,Industrials,Capital Goods,Industrial Products,Packaging
RPSGVENT,RPSG VENTURES LIMITED,EQ,INE425Y01011,Services,Services,Commercial Services & Supplies,Business Process Outsourcing (BPO)/ Knowledge Process Outsourcing (KPO)
RPTECH,Rashi Peripherals Limited,EQ,INE0J1F01024,Information Technology,Information Technology,IT - Hardware,Computers Hardware & Equipments
RRIL,RRIL Limited,EQ,INE951M01037,Consumer Discretionary,Textiles,Textiles & Apparels,Other Textile Products
RRKABEL,R R Kabel Limited,EQ,INE777K01022,Industrials,Capital Goods,Industrial Products,Cables - Electricals
RSDFIN,RSD Finance Limited,EQ,INE616F01022,Financial Services,Financial Services,Finance,Non Banking Financial Company (NBFC)
RSL,Rajputana Stainless Limited,EQ,INE313L01016,Industrials,Capital Goods,Industrial Products,Iron & Steel Products
RSSOFTWARE,R. S. Software (India) Limited,BE,INE165B01029,Information Technology,Information Technology,IT - Software,Computers - Software & Consulting
RSWM,RSWM Limited,BE,INE611A01016,Consumer Discretionary,Textiles,Textiles & Apparels,Other Textile Products
RSYSTEMS,R Systems International Limited,EQ,INE411H01032,Information Technology,Information Technology,IT - Services,IT Enabled Services
RTNINDIA,RattanIndia Enterprises Limited,EQ,INE834M01019,Consumer Discretionary,Consumer Services,Retailing,E-Retail/ E-Commerce
RTNPOWER,RattanIndia Power Limited,EQ,INE399K01017,Utilities,Power,Power,Power Generation
RUBFILA,Rubfila International Limited,EQ,INE642C01025,Industrials,Capital Goods,Industrial Products,Rubber
RUBICON,Rubicon Research Limited,EQ,INE506V01022,Healthcare,Healthcare,Pharmaceuticals & Biotechnology,Pharmaceuticals
RUBYMILLS,The Ruby Mills Limited,BE,INE301D01026,Consumer Discretionary,Textiles,Textiles & Apparels,Other Textile Products
RUCHINFRA,Ruchi Infrastructure Limited,EQ,INE413B01023,Services,Services,Commercial Services & Supplies,Diversified Commercial Services
RUCHIRA,Ruchira Papers Limited,EQ,INE803H01014,Commodities,Forest Materials,Paper Forest & Jute Products,Paper & Paper Products
RUDRA,Rudra Global Infra Products Limited,BE,INE027T01023,Industrials,Capital Goods,Industrial Products,Iron & Steel Products
RUPA,Rupa & Company Limited,EQ,INE895B01021,Consumer Discretionary,Textiles,Textiles & Apparels,Garments & Apparels
RUSHIL,Rushil Decor Limited,EQ,INE573K01025,Consumer Discretionary,Consumer Durables,Consumer Durables,Plywood Boards/ Laminates
RUSTOMJEE,Keystone Realtors Limited,EQ,INE263M01029,Consumer Discretionary,Realty,Realty,Residential Commercial Projects
RVHL,Ravinder Heights Limited,EQ,INE09E501017,Consumer Discretionary,Realty,Realty,Residential Commercial Projects
RVNL,Rail Vikas Nigam Limited,EQ,INE415G01027,Industrials,Construction,Construction,Civil Construction
RVTH,Revathi Equipment India Limited,EQ,INE0DAB01012,Industrials,Capital Goods,Industrial Manufacturing,Industrial Products
S&SPOWER,S&S Power Switchgears Limited,EQ,INE902B01017,Industrials,Capital Goods,Electrical Equipment,Other Electrical Equipment
SAATVIKGL,Saatvik Green Energy Limited,EQ,INE13B501022,Industrials,Capital Goods,Electrical Equipment,Other Electrical Equipment
SABEVENTS,Sab Events & Governance Now Media Limited,BE,INE860T01019,Consumer Discretionary,Media Entertainment & Publication,Media,Electronic Media
SADBHAV,Sadbhav Engineering Limited,EQ,INE226H01026,Services,Services,Transport Infrastructure,Road Assets - Toll Annuity Hybrid-Annuity
SADBHIN,Sadbhav Infrastructure Project Limited,BE,INE764L01010,Services,Services,Transport Infrastructure,Road Assets - Toll Annuity Hybrid-Annuity
SADHNANIQ,Sadhana Nitrochem Limited,BE,INE888C01040,Commodities,Chemicals,Chemicals & Petrochemicals,Commodity Chemicals
SAFARI,Safari Industries (India) Limited,EQ,INE429E01023,Consumer Discretionary,Consumer Durables,Consumer Durables,Plastic Products - Consumer
SAGARDEEP,Sagardeep Alloys Limited,EQ,INE976T01013,Industrials,Capital Goods,Industrial Products,Aluminium Copper & Zinc Products
SAGCEM,Sagar Cements Limited,EQ,INE229C01021,Commodities,Construction Materials,Cement & Cement Products,Cement & Cement Products
SAGILITY,SAGILITY LIMITED,EQ,INE0W2G01015,Information Technology,Information Technology,IT - Services,IT Enabled Services
SAHLIBHFI,Shalibhadra Finance Limited,EQ,INE861D01011,Financial Services,Financial Services,Finance,Non Banking Financial Company (NBFC)
SAHYADRI,Sahyadri Industries Limited,EQ,INE280H01015,Commodities,Construction Materials,Other Construction Materials,Other Construction Materials
SAIL,Steel Authority of India Limited,EQ,INE114A01011,Commodities,Metals & Mining,Ferrous Metals,Iron & Steel
SAILIFE,Sai Life Sciences Limited,EQ,INE570L01029,Healthcare,Healthcare,Pharmaceuticals & Biotechnology,Pharmaceuticals
SAIPARENT,Sai Parenterals Limited,EQ,INE0H9F01037,Healthcare,Healthcare,Pharmaceuticals & Biotechnology,Pharmaceuticals
SAKAR,Sakar Healthcare Limited,EQ,INE732S01012,Healthcare,Healthcare,Pharmaceuticals & Biotechnology,Pharmaceuticals
SAKHTISUG,Sakthi Sugars Limited,EQ,INE623A01011,Fast Moving Consumer Goods,Fast Moving Consumer Goods,Agricultural Food & other Products,Sugar
SAKSOFT,Saksoft Limited,EQ,INE667G01023,Information Technology,Information Technology,IT - Software,Computers - Software & Consulting
SAKUMA,Sakuma Exports Limited,BE,INE190H01024,Services,Services,Commercial Services & Supplies,Trading & Distributors
SALASAR,Salasar Techno Engineering Limited,EQ,INE170V01027,Industrials,Capital Goods,Industrial Manufacturing,Industrial Products
SALONA,Salona Cotspin Limited,EQ,INE498E01010,Consumer Discretionary,Textiles,Textiles & Apparels,Other Textile Products
SALSTEEL,S.A.L. Steel Limited,BE,INE658G01014,Commodities,Metals & Mining,Ferrous Metals,Sponge Iron
SALZERELEC,Salzer Electronics Limited,EQ,INE457F01013,Industrials,Capital Goods,Electrical Equipment,Other Electrical Equipment
SAMBHAAV,Sambhaav Media Limited,EQ,INE699B01027,Consumer Discretionary,Media Entertainment & Publication,Media,Electronic Media
SAMBHV,Sambhv Steel Tubes Limited,EQ,INE12NJ01018,Industrials,Capital Goods,Industrial Products,Iron & Steel Products
SAMHI,Samhi Hotels Limited,EQ,INE08U801020,Consumer Discretionary,Consumer Services,Leisure Services,Hotels & Resorts
SAMMAANCAP,Sammaan Capital Limited,EQ,INE148I01020,Financial Services,Financial Services,Finance,Housing Finance Company
SAMPANN,Sampann Utpadan India Limited,EQ,INE735M01018,Industrials,Capital Goods,Industrial Products,Rubber
SANATHAN,Sanathan Textiles Limited,EQ,INE0JPD01013,Consumer Discretionary,Textiles,Textiles & Apparels,Other Textile Products
SANDESH,The Sandesh Limited,EQ,INE583B01015,Consumer Discretionary,Media Entertainment & Publication,Media,Print Media
SANDHAR,Sandhar Technologies Limited,EQ,INE278H01035,Consumer Discretionary,Automobile and Auto Components,Auto Components,Auto Components & Equipments
SANDUMA,Sandur Manganese & Iron Ores Limited,EQ,INE149K01016,Commodities,Metals & Mining,Ferrous Metals,Iron & Steel
SANGAMIND,Sangam (India) Limited,EQ,INE495C01010,Consumer Discretionary,Textiles,Textiles & Apparels,Other Textile Products
SANGHVIMOV,Sanghvi Movers Limited,EQ,INE989A01032,Services,Services,Commercial Services & Supplies,Diversified Commercial Services
SANGINITA,Sanginita Chemicals Limited,BE,INE753W01010,Commodities,Chemicals,Chemicals & Petrochemicals,Specialty Chemicals
SANOFI,Sanofi India Limited,EQ,INE058A01010,Healthcare,Healthcare,Pharmaceuticals & Biotechnology,Pharmaceuticals
SANOFICONR,Sanofi Consumer Healthcare India Limited,EQ,INE0UOS01011,Healthcare,Healthcare,Pharmaceuticals & Biotechnology,Pharmaceuticals
SANSERA,Sansera Engineering Limited,EQ,INE953O01021,Consumer Discretionary,Automobile and Auto Components,Auto Components,Auto Components & Equipments
SANSTAR,Sanstar Limited,EQ,INE08NE01025,Fast Moving Consumer Goods,Fast Moving Consumer Goods,Agricultural Food & other Products,Other Agricultural Products
SANWARIA,Sanwaria Consumer Limited,BZ,INE890C01046,Fast Moving Consumer Goods,Fast Moving Consumer Goods,Food Products,Other Food Products
SAPPHIRE,Sapphire Foods India Limited,EQ,INE806T01020,Consumer Discretionary,Consumer Services,Leisure Services,Restaurants
SAPPL,Shree Ajit Pulp & Paper Limited,EQ,INE185C01017,Commodities,Forest Materials,Paper Forest & Jute Products,Paper & Paper Products
SARDAEN,Sarda Energy & Minerals Limited,EQ,INE385C01021,Commodities,Metals & Mining,Ferrous Metals,Iron & Steel
SAREGAMA,Saregama India Limited,EQ,INE979A01025,Consumer Discretionary,Media Entertainment & Publication,Entertainment,Media & Entertainment
SARLAPOLY,Sarla Performance Fibers Limited,EQ,INE453D01025,Consumer Discretionary,Textiles,Textiles & Apparels,Other Textile Products
SARVESHWAR,Sarveshwar Foods Limited,BE,INE324X01026,Fast Moving Consumer Goods,Fast Moving Consumer Goods,Agricultural Food & other Products,Other Agricultural Products
SASKEN,Sasken Technologies Limited,EQ,INE231F01020,Information Technology,Information Technology,IT - Services,IT Enabled Services
SATIA,Satia Industries Limited,EQ,INE170E01023,Commodities,Forest Materials,Paper Forest & Jute Products,Paper & Paper Products
SATIN,Satin Creditcare Network Limited,EQ,INE836B01017,Financial Services,Financial Services,Finance,Microfinance Institutions
SAURASHCEM,Saurashtra Cement Limited,EQ,INE626A01014,Commodities,Construction Materials,Cement & Cement Products,Cement & Cement Products
SAYAJIHOTL,Sayaji Hotels Limited,EQ,INE318C01014,Consumer Discretionary,Consumer Services,Leisure Services,Hotels & Resorts
SBC,SBC Exports Limited,EQ,INE04AK01028,Consumer Discretionary,Textiles,Textiles & Apparels,Garments & Apparels
SBCL,Shivalik Bimetal Controls Limited,EQ,INE386D01027,Industrials,Capital Goods,Industrial Products,Iron & Steel Products
SBFC,SBFC Finance Limited,EQ,INE423Y01016,Financial Services,Financial Services,Finance,Non Banking Financial Company (NBFC)
SBGLP,Suratwwala Business Group Limited,EQ,INE05ST01028,Consumer Discretionary,Realty,Realty,Residential Commercial Projects
SBICARD,SBI Cards and Payment Services Limited,EQ,INE018E01016,Financial Services,Financial Services,Finance,Non Banking Financial Company (NBFC)
SBILIFE,SBI Life Insurance Company Limited,EQ,INE123W01016,Financial Services,Financial Services,Insurance,Life Insurance
SBIN,State Bank of India,EQ,INE062A01020,Financial Services,Financial Services,Banks,Public Sector Bank
SCANSTL,Scan Steels Limited,EQ,INE099G01011,Commodities,Metals & Mining,Ferrous Metals,Iron & Steel
SCHAEFFLER,Schaeffler India Limited,EQ,INE513A01022,Consumer Discretionary,Automobile and Auto Components,Auto Components,Auto Components & Equipments
SCHAND,S Chand And Company Limited,EQ,INE807K01035,Consumer Discretionary,Media Entertainment & Publication,Printing & Publication,Printing & Publication
SCHNEIDER,Schneider Electric Infrastructure Limited,EQ,INE839M01018,Industrials,Capital Goods,Electrical Equipment,Heavy Electrical Equipment
SCI,Shipping Corporation Of India Limited,EQ,INE109A01011,Services,Services,Transport Services,Shipping
SCILAL,Shipping Corporation of India Land and Assets Limited,EQ,INE0PB301013,Financial Services,Financial Services,Finance,Investment Company
SCODATUBES,Scoda Tubes Limited,EQ,INE090501011,Industrials,Capital Goods,Industrial Products,Iron & Steel Products
SCPL,Sheetal Cool Products Limited,EQ,INE501Y01019,Fast Moving Consumer Goods,Fast Moving Consumer Goods,Food Products,Dairy Products
SDBL,Som Distilleries & Breweries Limited,EQ,INE480C01038,Fast Moving Consumer Goods,Fast Moving Consumer Goods,Beverages,Breweries & Distilleries
SEAMECLTD,Seamec Limited,EQ,INE497B01018,Services,Services,Transport Services,Shipping
SECMARK,SecMark Consultancy Limited,EQ,INE0BTM01013,Information Technology,Information Technology,IT - Software,Computers - Software & Consulting
SECURKLOUD,SECUREKLOUD TECHNOLOGIES LIMITED,EQ,INE650K01021,Information Technology,Information Technology,IT - Services,IT Enabled Services
SEDEMAC,SEDEMAC Mechatronics Limited,EQ,INE00XB01019,Consumer Discretionary,Automobile and Auto Components,Auto Components,Auto Components & Equipments
SEIL,Shanti Educational Initiatives Limited,EQ,INE440T01028,Consumer Discretionary,Consumer Services,Other Consumer Services,Education
SEJALLTD,Sejal Glass Limited,BE,INE955I01044,Industrials,Capital Goods,Industrial Products,Glass - Industrial
SELMC,SEL Manufacturing Company Limited,EQ,INE105I01020,Consumer Discretionary,Textiles,Textiles & Apparels,Other Textile Products
SEMAC,Semac Construction Limited,BE,INE617A01013,Industrials,Construction,Construction,Civil Construction
SENCO,Senco Gold Limited,EQ,INE602W01027,Consumer Discretionary,Consumer Durables,Consumer Durables,Gems Jewellery And Watches
SENORES,Senores Pharmaceuticals Limited,EQ,INE0RB801010,Healthcare,Healthcare,Pharmaceuticals & Biotechnology,Pharmaceuticals
SEPC,SEPC Limited,EQ,INE964H01014,Industrials,Construction,Construction,Civil Construction
SERVOTECH,Servotech Renewable Power System Limited,EQ,INE782X01033,Industrials,Capital Goods,Electrical Equipment,Other Electrical Equipment
SESHAPAPER,Seshasayee Paper and Boards Limited,EQ,INE630A01024,Commodities,Forest Materials,Paper Forest & Jute Products,Paper & Paper Products
SETCO,Setco Automotive Limited,BE,INE878E01021,Consumer Discretionary,Automobile and Auto Components,Auto Components,Auto Components & Equipments
SETL,Standard Engineering Technology Limited,EQ,INE0M4D01010,Industrials,Capital Goods,Industrial Manufacturing,Industrial Products
SETUINFRA,Setubandhan Infrastructure Limited,BZ,INE023M01027,Industrials,Construction,Construction,Civil Construction
SEYAIND,Seya Industries Limited,BE,INE573R01012,Commodities,Chemicals,Chemicals & Petrochemicals,Specialty Chemicals
SFL,Sheela Foam Limited,EQ,INE916U01025,Consumer Discretionary,Consumer Durables,Consumer Durables,Furniture Home Furnishing
SGFIN,SG Finserve Limited,EQ,INE618R01015,Financial Services,Financial Services,Finance,Non Banking Financial Company (NBFC)
SGIL,Synergy Green Industries Limited,EQ,INE00QT01015,Industrials,Capital Goods,Industrial Products,Castings & Forgings
SGL,STL Global Limited,EQ,INE353H01010,Consumer Discretionary,Textiles,Textiles & Apparels,Other Textile Products
SGMART,SG Mart Limited,EQ,INE385F01024,Commodities,Metals & Mining,Metals & Minerals Trading,Trading - Metals
SHADOWFAX,Shadowfax Technologies Limited,EQ,INE12UN01015,Services,Services,Transport Services,Logistics Solution Provider
SHAH,Shah Metacorp Limited,EQ,INE482J01021,Industrials,Capital Goods,Industrial Products,Iron & Steel Products
SHAHALLOYS,Shah Alloys Limited,EQ,INE640C01011,Industrials,Capital Goods,Industrial Products,Iron & Steel Products
SHAILY,Shaily Engineering Plastics Limited,EQ,INE151G01028,Consumer Discretionary,Consumer Durables,Consumer Durables,Plastic Products - Consumer
SHAKTIPUMP,Shakti Pumps (India) Limited,EQ,INE908D01010,Industrials,Capital Goods,Industrial Products,Compressors Pumps & Diesel Engines
SHALBY,Shalby Limited,EQ,INE597J01018,Healthcare,Healthcare,Healthcare Services,Hospital
SHALPAINTS,Shalimar Paints Limited,EQ,INE849C01026,Consumer Discretionary,Consumer Durables,Consumer Durables,Paints
SHANKARA,Shankara Building Products Limited,BE,INE274V01019,Consumer Discretionary,Consumer Services,Retailing,Speciality Retail
SHANTI,Shanti Overseas (India) Limited,EQ,INE933X01016,Fast Moving Consumer Goods,Fast Moving Consumer Goods,Agricultural Food & other Products,Other Agricultural Products
SHANTIGEAR,Shanthi Gears Limited,EQ,INE631A01022,Industrials,Capital Goods,Industrial Manufacturing,Industrial Products
SHANTIGOLD,Shanti Gold International Limited,EQ,INE06ZD01017,Consumer Discretionary,Consumer Durables,Consumer Durables,Gems Jewellery And Watches
SHARDACROP,Sharda Cropchem Limited,EQ,INE221J01015,Commodities,Chemicals,Fertilizers & Agrochemicals,Pesticides & Agrochemicals
SHARDAMOTR,Sharda Motor Industries Limited,EQ,INE597I01028,Consumer Discretionary,Automobile and Auto Components,Auto Components,Auto Components & Equipments
SHARDUL,Shardul Securities Limited,EQ,INE037B01020,Financial Services,Financial Services,Capital Markets,Stockbroking & Allied
SHAREINDIA,Share India Securities Limited,EQ,INE932X01026,Financial Services,Financial Services,Capital Markets,Stockbroking & Allied
SHBAJRG,Shri Bajrang Alliance Limited,EQ,INE402H01015,Industrials,Capital Goods,Industrial Products,Iron & Steel Products
SHEKHAWATI,Shekhawati Industries Limited,BE,INE268L01046,Consumer Discretionary,Textiles,Textiles & Apparels,Other Textile Products
SHEMAROO,Shemaroo Entertainment Limited,BE,INE363M01019,Consumer Discretionary,Media Entertainment & Publication,Entertainment,Media & Entertainment
SHILCTECH,Shilchar Technologies Limited,EQ,INE024F01011,Industrials,Capital Goods,Electrical Equipment,Heavy Electrical Equipment
SHILPAMED,Shilpa Medicare Limited,EQ,INE790G01031,Healthcare,Healthcare,Pharmaceuticals & Biotechnology,Pharmaceuticals
SHINDL,Sharat Industries Limited,EQ,INE220Z01013,Fast Moving Consumer Goods,Fast Moving Consumer Goods,Food Products,Seafood
SHIVALIK,Shivalik Rasayan Limited,BE,INE788J01021,Commodities,Chemicals,Fertilizers & Agrochemicals,Pesticides & Agrochemicals
SHIVAMAUTO,Shivam Autotech Limited,BE,INE637H01024,Consumer Discretionary,Automobile and Auto Components,Auto Components,Auto Components & Equipments
SHIVAMILLS,Shiva Mills Limited,BE,INE644Y01017,Consumer Discretionary,Textiles,Textiles & Apparels,Other Textile Products
SHIVATEX,Shiva Texyarn Limited,EQ,INE705C01020,Consumer Discretionary,Textiles,Textiles & Apparels,Other Textile Products
SHIVAUM,Shiv Aum Steels Limited,EQ,INE719F01016,Services,Services,Commercial Services & Supplies,Trading & Distributors
SHK,S H Kelkar and Company Limited,EQ,INE500L01026,Commodities,Chemicals,Chemicals & Petrochemicals,Specialty Chemicals
SHOPERSTOP,Shoppers Stop Limited,EQ,INE498B01024,Consumer Discretionary,Consumer Services,Retailing,Diversified Retail
SHRADHA,Shradha Realty Limited,EQ,INE715Y01031,Consumer Discretionary,Realty,Realty,Residential Commercial Projects
SHREDIGCEM,Shree Digvijay Cement Co.Ltd,EQ,INE232A01011,Commodities,Construction Materials,Cement & Cement Products,Cement & Cement Products
SHREECEM,SHREE CEMENT LIMITED,EQ,INE070A01015,Commodities,Construction Materials,Cement & Cement Products,Cement & Cement Products
SHREEJISPG,Shreeji Shipping Global Limited,EQ,INE1B6101010,Services,Services,Transport Services,Shipping
SHREEPUSHK,Shree Pushkar Chemicals & Fertilisers Limited,EQ,INE712K01011,Commodities,Chemicals,Chemicals & Petrochemicals,Dyes And Pigments
SHREERAMA,Shree Rama Multi-Tech Limited,EQ,INE879A01019,Industrials,Capital Goods,Industrial Products,Packaging
SHRENIK,Shrenik Limited,BZ,INE632X01030,Commodities,Forest Materials,Paper Forest & Jute Products,Paper & Paper Products
SHREYANIND,Shreyans Industries Limited,EQ,INE231C01019,Commodities,Forest Materials,Paper Forest & Jute Products,Paper & Paper Products
SHRIKRISH,Shri Krishna Devcon Limited,EQ,INE997I01012,Consumer Discretionary,Realty,Realty,Residential Commercial Projects
SHRINGARMS,Shringar House of Mangalsutra Limited,EQ,INE1B3L01017,Consumer Discretionary,Consumer Durables,Consumer Durables,Gems Jewellery And Watches
SHRIPISTON,SPR Auto Technologies Limited,EQ,INE526E01018,Consumer Discretionary,Automobile and Auto Components,Auto Components,Auto Components & Equipments
SHRIRAMFIN,Shriram Finance Limited,EQ,INE721A01047,Financial Services,Financial Services,Finance,Non Banking Financial Company (NBFC)
SHRIRAMPPS,Shriram Properties Limited,EQ,INE217L01019,Consumer Discretionary,Realty,Realty,Residential Commercial Projects
SHYAMCENT,Shyam Century Ferrous Limited,BE,INE979R01011,Commodities,Metals & Mining,Ferrous Metals,Ferro & Silica Manganese
SHYAMMETL,Shyam Metalics and Energy Limited,EQ,INE810G01011,Industrials,Capital Goods,Industrial Products,Iron & Steel Products
SHYAMTEL,Shyam Telecom Limited,BE,INE635A01023,Services,Services,Commercial Services & Supplies,Trading & Distributors
SICAGEN,Sicagen India Limited,EQ,INE176J01011,Services,Services,Commercial Services & Supplies,Trading & Distributors
SICALLOG,Sical Logistics Limited,EQ,INE075B01020,Services,Services,Transport Services,Logistics Solution Provider
SIEMENS,Siemens Limited,EQ,INE003A01024,Industrials,Capital Goods,Electrical Equipment,Heavy Electrical Equipment
SIGACHI,Sigachi Industries Limited,BE,INE0D0K01022,Healthcare,Healthcare,Pharmaceuticals & Biotechnology,Pharmaceuticals
SIGIND,Signet Industries Limited,EQ,INE529F01035,Services,Services,Commercial Services & Supplies,Trading & Distributors
SIGMA,Sigma Solve Limited,EQ,INE0A0S01028,Information Technology,Information Technology,IT - Services,IT Enabled Services
SIGMAADV,SIGMA ADVANCED SYSTEMS LIMITED,BE,INE933B01012,Industrials,Capital Goods,Aerospace & Defense,Aerospace & Defense
SIGNATURE,Signatureglobal (India) Limited,EQ,INE903U01023,Consumer Discretionary,Realty,Realty,Residential Commercial Projects
SIGNPOST,Signpost India Limited,EQ,INE0KGZ01021,Consumer Discretionary,Media Entertainment & Publication,Media,Advertising & Media Agencies
SIKA,Sika Interplant Systems Limited,EQ,INE438E01032,Industrials,Capital Goods,Aerospace & Defense,Aerospace & Defense
SIKKO,Sikko Industries Limited,EQ,INE112X01025,Commodities,Chemicals,Fertilizers & Agrochemicals,Pesticides & Agrochemicals
SIL,Standard Industries Limited,EQ,INE173A01025,Consumer Discretionary,Textiles,Textiles & Apparels,Trading - Textile Products
SILGO,Silgo Retail Limited,EQ,INE01II01013,Consumer Discretionary,Consumer Durables,Consumer Durables,Gems Jewellery And Watches
SILINV,SIL Investments Limited,EQ,INE923A01015,Financial Services,Financial Services,Finance,Investment Company
SILLYMONKS,Silly Monks Entertainment Limited,EQ,INE203Y01012,Consumer Discretionary,Media Entertainment & Publication,Entertainment,Media & Entertainment
SILVERTUC,Silver Touch Technologies Limited,EQ,INE625X01026,Information Technology,Information Technology,IT - Software,Computers - Software & Consulting
SIMBHALS,Simbhaoli Sugars Limited,BZ,INE748T01016,Fast Moving Consumer Goods,Fast Moving Consumer Goods,Agricultural Food & other Products,Sugar
SIMPLEXINF,Simplex Infrastructures Limited,EQ,INE059B01024,Industrials,Construction,Construction,Civil Construction
SINCLAIR,Sinclairs Hotels Limited,EQ,INE985A01022,Consumer Discretionary,Consumer Services,Leisure Services,Hotels & Resorts
SINDHUTRAD,Sindhu Trade Links Limited,EQ,INE325D01025,Energy,Oil Gas & Consumable Fuels,Consumable Fuels,Coal
SINGERIND,Singer India Limited,EQ,INE638A01035,Consumer Discretionary,Consumer Durables,Consumer Durables,Household Appliances
SINTERCOM,Sintercom India Limited,EQ,INE129Z01016,Consumer Discretionary,Automobile and Auto Components,Auto Components,Auto Components & Equipments
SIRCA,Sirca Paints India Limited,EQ,INE792Z01011,Consumer Discretionary,Consumer Durables,Consumer Durables,Paints
SIS,SIS LIMITED,EQ,INE285J01028,Consumer Discretionary,Consumer Services,Other Consumer Services,Other Consumer Services
SITINET,Siti Networks Limited,BZ,INE965H01011,Consumer Discretionary,Media Entertainment & Publication,Entertainment,TV Broadcasting & Software Production
SIYSIL,Siyaram Silk Mills Limited,EQ,INE076B01028,Consumer Discretionary,Textiles,Textiles & Apparels,Other Textile Products
SJS,S.J.S. Enterprises Limited,EQ,INE284S01014,Consumer Discretionary,Automobile and Auto Components,Auto Components,Auto Components & Equipments
SJVN,SJVN Limited,EQ,INE002L01015,Utilities,Power,Power,Power Generation
SKFINDIA,SKF India Limited,EQ,INE640A01023,Consumer Discretionary,Automobile and Auto Components,Auto Components,Auto Components & Equipments
SKFINDUS,SKF India (Industrial) Limited,EQ,INE2J8701016,Industrials,Capital Goods,Industrial Products,Abrasives & Bearings
SKIPPER,Skipper Limited,EQ,INE439E01022,Industrials,Capital Goods,Electrical Equipment,Heavy Electrical Equipment
SKMEGGPROD,SKM Egg Products Export (India) Limited,EQ,INE411D01023,Fast Moving Consumer Goods,Fast Moving Consumer Goods,Food Products,Meat Products including Poultry
SKYGOLD,SKY GOLD AND DIAMONDS LIMITED,EQ,INE01IU01018,Consumer Discretionary,Consumer Durables,Consumer Durables,Gems Jewellery And Watches
SMARTLINK,Smartlink Holdings Limited,BE,INE178C01020,Information Technology,Information Technology,IT - Hardware,Computers Hardware & Equipments
SMARTWORKS,Smartworks Coworking Spaces Limited,EQ,INE0NAZ01010,Services,Services,Commercial Services & Supplies,Diversified Commercial Services
SMCGLOBAL,SMC Global Securities Limited,EQ,INE103C01036,Financial Services,Financial Services,Capital Markets,Stockbroking & Allied
SMLMAH,SML Mahindra Limited,EQ,INE294B01019,Industrials,Capital Goods,Agricultural Commercial & Construction Vehicles,Commercial Vehicles
SMLT,Sarthak Metals Limited,EQ,INE017W01010,Industrials,Capital Goods,Industrial Products,Iron & Steel Products
SMSPHARMA,SMS Pharmaceuticals Limited,EQ,INE812G01025,Healthcare,Healthcare,Pharmaceuticals & Biotechnology,Pharmaceuticals
SNOWMAN,Snowman Logistics Limited,EQ,INE734N01019,Services,Services,Transport Services,Logistics Solution Provider
SOBHA,Sobha Limited,EQ,INE671H01015,Consumer Discretionary,Realty,Realty,Residential Commercial Projects
SOFTTECH,Softtech Engineers Limited,BE,INE728Z01015,Information Technology,Information Technology,IT - Software,Computers - Software & Consulting
SOLARA,Solara Active Pharma Sciences Limited,EQ,INE624Z01016,Healthcare,Healthcare,Pharmaceuticals & Biotechnology,Pharmaceuticals
SOLARINDS,Solar Industries India Limited,EQ,INE343H01029,Commodities,Chemicals,Chemicals & Petrochemicals,Explosives
SOLARWORLD,Solarworld Energy Solutions Limited,EQ,INE0TY101024,Industrials,Construction,Construction,Civil Construction
SOLEX,Solex Energy Limited,EQ,INE880Y01017,Industrials,Capital Goods,Electrical Equipment,Other Electrical Equipment
SOMANYCERA,Somany Ceramics Limited,EQ,INE355A01028,Consumer Discretionary,Consumer Durables,Consumer Durables,Ceramics
SOMATEX,Soma Textiles & Industries Limited,EQ,INE314C01013,Consumer Discretionary,Textiles,Textiles & Apparels,Other Textile Products
SOMICONVEY,Somi Conveyor Beltings Limited,EQ,INE323J01019,Industrials,Capital Goods,Industrial Manufacturing,Industrial Products
SONACOMS,Sona BLW Precision Forgings Limited,EQ,INE073K01018,Consumer Discretionary,Automobile and Auto Components,Auto Components,Auto Components & Equipments
SONAL,Sonal Mercantile Limited,EQ,INE321M01017,Financial Services,Financial Services,Finance,Non Banking Financial Company (NBFC)
SONAMLTD,SONAM LIMITED,EQ,INE00LM01029,Consumer Discretionary,Consumer Durables,Consumer Durables,Consumer Electronics
SONATSOFTW,Sonata Software Limited,EQ,INE269A01021,Information Technology,Information Technology,IT - Software,Computers - Software & Consulting
SOTL,Savita Oil Technologies Limited,EQ,INE035D01020,Energy,Oil Gas & Consumable Fuels,Petroleum Products,Lubricants
SOUTHBANK,The South Indian Bank Limited,EQ,INE683A01023,Financial Services,Financial Services,Banks,Private Sector Bank
SOUTHWEST,South West Pinnacle Exploration Limited,EQ,INE980Y01015,Services,Services,Commercial Services & Supplies,Diversified Commercial Services
SPAL,S. P. Apparels Limited,EQ,INE212I01016,Consumer Discretionary,Textiles,Textiles & Apparels,Garments & Apparels
SPANDANA,Spandana Sphoorty Financial Limited,EQ,INE572J01011,Financial Services,Financial Services,Finance,Microfinance Institutions
SPARC,Sun Pharma Advanced Research Company Limited,EQ,INE232I01014,Healthcare,Healthcare,Pharmaceuticals & Biotechnology,Pharmaceuticals
SPCENET,Spacenet Enterprises India Limited,EQ,INE970N01027,Services,Services,Commercial Services & Supplies,Trading & Distributors
SPECIALITY,Speciality Restaurants Limited,EQ,INE247M01014,Consumer Discretionary,Consumer Services,Leisure Services,Restaurants
SPECTRUM,Spectrum Electrical Industries Limited,EQ,INE01EO01010,Industrials,Capital Goods,Industrial Manufacturing,Industrial Products
SPENCERS,Spencer's Retail Limited,EQ,INE020801028,Consumer Discretionary,Consumer Services,Retailing,Diversified Retail
SPIC,Southern Petrochemicals Industries Corporation  Limited,EQ,INE147A01011,Commodities,Chemicals,Fertilizers & Agrochemicals,Fertilizers
SPLIL,SPL Industries Limited,EQ,INE978G01016,Consumer Discretionary,Textiles,Textiles & Apparels,Trading - Textile Products
SPLPETRO,Supreme Petrochem Limited,EQ,INE663A01033,Commodities,Chemicals,Chemicals & Petrochemicals,Petrochemicals
SPMLINFRA,SPML Infra Limited,EQ,INE937A01023,Industrials,Construction,Construction,Civil Construction
SPORTKING,Sportking India Limited,EQ,INE885H01029,Consumer Discretionary,Textiles,Textiles & Apparels,Other Textile Products
SRD,Shankar Lal Rampal Dye-Chem Limited,EQ,INE01NE01012,Commodities,Chemicals,Chemicals & Petrochemicals,Trading - Chemicals
SREEL,Sreeleathers Limited,EQ,INE099F01013,Consumer Discretionary,Consumer Durables,Consumer Durables,Footwear
SRF,SRF Limited,EQ,INE647A01010,Commodities,Chemicals,Chemicals & Petrochemicals,Specialty Chemicals
SRGHFL,SRG Housing Finance Limited,EQ,INE559N01010,Financial Services,Financial Services,Finance,Housing Finance Company
SRHHYPOLTD,Sree Rayalaseema Hi-Strength Hypo Limited,EQ,INE917H01012,Commodities,Chemicals,Chemicals & Petrochemicals,Commodity Chemicals
SRM,SRM Contractors Limited,EQ,INE0R6Z01013,Industrials,Construction,Construction,Civil Construction
SRTL,Shree Ram Twistex Limited,EQ,INE19GK01015,Consumer Discretionary,Textiles,Textiles & Apparels,Other Textile Products
SSDL,Saraswati Saree Depot Limited,EQ,INE0PQ101010,Consumer Discretionary,Textiles,Textiles & Apparels,Garments & Apparels
SSWL,Steel Strips Wheels Limited,EQ,INE802C01033,Consumer Discretionary,Automobile and Auto Components,Auto Components,Auto Components & Equipments
STALLION,Stallion India Fluorochemicals Limited,EQ,INE0RYC01010,Commodities,Chemicals,Chemicals & Petrochemicals,Industrial Gases
STANLEY,Stanley Lifestyles Limited,EQ,INE01A001028,Consumer Discretionary,Consumer Durables,Consumer Durables,Furniture Home Furnishing
STAR,Strides Pharma Science Limited,EQ,INE939A01011,Healthcare,Healthcare,Pharmaceuticals & Biotechnology,Pharmaceuticals
STARCEMENT,Star Cement Limited,EQ,INE460H01021,Commodities,Construction Materials,Cement & Cement Products,Cement & Cement Products
STARHEALTH,Star Health and Allied Insurance Company Limited,EQ,INE575P01011,Financial Services,Financial Services,Insurance,General Insurance
STARPAPER,Star Paper Mills Limited,EQ,INE733A01018,Commodities,Forest Materials,Paper Forest & Jute Products,Paper & Paper Products
STARTECK,Starteck Finance Limited,EQ,INE992I01013,Financial Services,Financial Services,Finance,Non Banking Financial Company (NBFC)
STCINDIA,The State Trading Corporation of India Limited,EQ,INE655A01013,Services,Services,Commercial Services & Supplies,Trading & Distributors
STEELCAS,Steelcast Limited,EQ,INE124E01038,Industrials,Capital Goods,Industrial Products,Castings & Forgings
STEELCITY,Steel City Securities Limited,EQ,INE395H01011,Financial Services,Financial Services,Capital Markets,Stockbroking & Allied
STEELXIND,STEEL EXCHANGE INDIA LIMITED,EQ,INE503B01021,Industrials,Capital Goods,Industrial Products,Iron & Steel Products
STEL,Stel Holdings Limited,EQ,INE577L01016,Financial Services,Financial Services,Finance,Investment Company
STERTOOLS,Sterling Tools Limited,BE,INE334A01023,Consumer Discretionary,Automobile and Auto Components,Auto Components,Auto Components & Equipments
STLNETWORK,STL Networks Limited,BE,INE1VXE01018,Telecommunication,Telecommunication,Telecom - Services,Other Telecom Services
STLTECH,Sterlite Technologies Limited,BE,INE089C01029,Telecommunication,Telecommunication,Telecom - Equipment & Accessories,Telecom - Equipment & Accessories
STOVEKRAFT,Stove Kraft Limited,EQ,INE00IN01015,Consumer Discretionary,Consumer Durables,Consumer Durables,Household Appliances
STUDDS,Studds Accessories Limited,EQ,INE00Q601028,Consumer Discretionary,Automobile and Auto Components,Auto Components,Auto Components & Equipments
STYL,Seshaasai Technologies Limited,EQ,INE04VU01023,Financial Services,Financial Services,Financial Technology (Fintech),Financial Technology (Fintech)
STYLAMIND,Stylam Industries Limited,EQ,INE239C01020,Consumer Discretionary,Consumer Durables,Consumer Durables,Plywood Boards/ Laminates
STYLEBAAZA,Baazar Style Retail Limited,BE,INE01FR01028,Consumer Discretionary,Consumer Services,Retailing,Speciality Retail
STYRENIX,Styrenix Performance Materials Limited,EQ,INE189B01011,Commodities,Chemicals,Chemicals & Petrochemicals,Specialty Chemicals
SUBEXLTD,Subex Limited,BE,INE754A01055,Information Technology,Information Technology,IT - Software,Software Products
SUBROS,Subros Limited,EQ,INE287B01021,Industrials,Capital Goods,Industrial Products,Other Industrial Products
SUDARCOLOR,Sudarshan Colorants India Limited,EQ,INE492A01029,Commodities,Chemicals,Chemicals & Petrochemicals,Dyes And Pigments
SUDARSCHEM,Sudarshan Chemical Industries Limited,EQ,INE659A01023,Commodities,Chemicals,Chemicals & Petrochemicals,Dyes And Pigments
SUDEEPPHRM,Sudeep Pharma Limited,EQ,INE0QPI01025,Commodities,Chemicals,Chemicals & Petrochemicals,Specialty Chemicals
SUKHJITS,Sukhjit Starch & Chemicals Limited,EQ,INE450E01029,Fast Moving Consumer Goods,Fast Moving Consumer Goods,Agricultural Food & other Products,Other Agricultural Products
SULA,Sula Vineyards Limited,EQ,INE142Q01026,Fast Moving Consumer Goods,Fast Moving Consumer Goods,Beverages,Breweries & Distilleries
SUMEET-RE,Sumeet Industries Limited-RE,BE,INE235C20010,Consumer Discretionary,Textiles,Textiles & Apparels,Other Textile Products
SUMEETINDS,Sumeet Industries Limited,EQ,INE235C01036,Consumer Discretionary,Textiles,Textiles & Apparels,Other Textile Products
SUMICHEM,Sumitomo Chemical India Limited,EQ,INE258G01013,Commodities,Chemicals,Fertilizers & Agrochemicals,Pesticides & Agrochemicals
SUMIT,Sumit Woods Limited,BE,INE748Z01013,Consumer Discretionary,Realty,Realty,Residential Commercial Projects
SUMMITSEC,Summit Securities Limited,EQ,INE519C01017,Financial Services,Financial Services,Finance,Investment Company
SUNCLAY,Sundaram Clayton Limited,EQ,INE0Q3R01026,Consumer Discretionary,Automobile and Auto Components,Auto Components,Auto Components & Equipments
SUNDARAM,Sundaram Multi Pap Limited,EQ,INE108E01023,Fast Moving Consumer Goods,Fast Moving Consumer Goods,Household Products,Stationary
SUNDARMFIN,Sundaram Finance Limited,EQ,INE660A01013,Financial Services,Financial Services,Finance,Non Banking Financial Company (NBFC)
SUNDRMBRAK,Sundaram Brake Linings Limited,BE,INE073D01013,Consumer Discretionary,Automobile and Auto Components,Auto Components,Auto Components & Equipments
SUNDRMFAST,Sundram Fasteners Limited,EQ,INE387A01021,Consumer Discretionary,Automobile and Auto Components,Auto Components,Auto Components & Equipments
SUNDROP,Sundrop Brands Limited,EQ,INE209A01019,Fast Moving Consumer Goods,Fast Moving Consumer Goods,Agricultural Food & other Products,Edible Oil
SUNFLAG,Sunflag Iron And Steel Company Limited,EQ,INE947A01014,Industrials,Capital Goods,Industrial Products,Iron & Steel Products
SUNPHARMA,Sun Pharmaceutical Industries Limited,EQ,INE044A01036,Healthcare,Healthcare,Pharmaceuticals & Biotechnology,Pharmaceuticals
SUNTECK,Sunteck Realty Limited,EQ,INE805D01034,Consumer Discretionary,Realty,Realty,Residential Commercial Projects
SUNTV,Sun TV Network Limited,EQ,INE424H01027,Consumer Discretionary,Media Entertainment & Publication,Entertainment,TV Broadcasting & Software Production
SUPERHOUSE,Superhouse Limited,EQ,INE712B01010,Consumer Discretionary,Consumer Durables,Consumer Durables,Leather And Leather Products
SUPERSPIN,Super Spinning Mills Limited,BE,INE662A01027,Consumer Discretionary,Textiles,Textiles & Apparels,Other Textile Products
SUPRAJIT,Suprajit Engineering Limited,EQ,INE399C01030,Consumer Discretionary,Automobile and Auto Components,Auto Components,Auto Components & Equipments
SUPREME,Supreme Holdings & Hospitality (India) Limited,EQ,INE822E01011,Consumer Discretionary,Realty,Realty,Residential Commercial Projects
SUPREMEENG,Supreme Engineering Limited,BZ,INE319Z01021,Industrials,Capital Goods,Industrial Products,Iron & Steel Products
SUPREMEIND,Supreme Industries Limited,EQ,INE195A01028,Industrials,Capital Goods,Industrial Products,Plastic Products - Industrial
SUPREMEINF,Supreme Infrastructure India Limited,EQ,INE550H01011,Industrials,Construction,Construction,Civil Construction
SUPRIYA,Supriya Lifescience Limited,EQ,INE07RO01027,Healthcare,Healthcare,Pharmaceuticals & Biotechnology,Pharmaceuticals
SURAJEST,Suraj Estate Developers Limited,EQ,INE843S01025,Consumer Discretionary,Realty,Realty,Residential Commercial Projects
SURAJLTD,Suraj Limited,EQ,INE713C01016,Industrials,Capital Goods,Industrial Products,Iron & Steel Products
SURAKSHA,Suraksha Diagnostic Limited,EQ,INE877V01027,Healthcare,Healthcare,Healthcare Services,Healthcare Service Provider
SURANASOL,Surana Solar Limited,EQ,INE272L01022,Services,Services,Commercial Services & Supplies,Trading & Distributors
SURANAT&P,Surana Telecom and Power Limited,EQ,INE130B01031,Utilities,Power,Power,Power Generation
SURYALA,Suryalata Spinning Mills Limited,EQ,INE132C01027,Consumer Discretionary,Textiles,Textiles & Apparels,Other Textile Products
SURYALAXMI,Suryalakshmi Cotton Mills Limited,EQ,INE713B01026,Consumer Discretionary,Textiles,Textiles & Apparels,Other Textile Products
SURYAROSNI,Surya Roshni Limited,EQ,INE335A01020,Industrials,Capital Goods,Industrial Products,Iron & Steel Products
SURYODAY,Suryoday Small Finance Bank Limited,EQ,INE428Q01011,Financial Services,Financial Services,Banks,Other Bank
SUTLEJTEX,Sutlej Textiles and Industries Limited,BE,INE645H01027,Consumer Discretionary,Textiles,Textiles & Apparels,Other Textile Products
SUVEN,Suven Life Sciences Limited,EQ,INE495B01038,Healthcare,Healthcare,Healthcare Services,Healthcare Research Analytics & Technology
SUVIDHAA,Suvidhaa Infoserve Limited,EQ,INE018401013,Financial Services,Financial Services,Financial Technology (Fintech),Financial Technology (Fintech)
SUYOG,Suyog Telematics Limited,EQ,INE442P01014,Telecommunication,Telecommunication,Telecom - Services,Telecom - Infrastructure
SUZLON,Suzlon Energy Limited,EQ,INE040H01021,Industrials,Capital Goods,Electrical Equipment,Heavy Electrical Equipment
SVLL,Shree Vasu Logistics Limited,BE,INE00CE01017,Services,Services,Transport Services,Logistics Solution Provider
SVPGLOB,SVP GLOBAL TEXTILES LIMITED,BE,INE308E01029,Consumer Discretionary,Textiles,Textiles & Apparels,Other Textile Products
SWANCORP,SWAN CORP LIMITED,EQ,INE665A01038,Commodities,Chemicals,Chemicals & Petrochemicals,Petrochemicals
SWANDEF,Swan Defence and Heavy Industries Limited,BE,INE542F01020,Industrials,Capital Goods,Industrial Manufacturing,Ship Building & Allied Services
SWARAJENG,Swaraj Engines Limited,EQ,INE277A01016,Industrials,Capital Goods,Industrial Products,Compressors Pumps & Diesel Engines
SWELECTES,Swelect Energy Systems Limited,EQ,INE409B01013,Industrials,Capital Goods,Electrical Equipment,Heavy Electrical Equipment
SWIGGY,Swiggy Limited,EQ,INE00H001014,Consumer Discretionary,Consumer Services,Retailing,E-Retail/ E-Commerce
SWSOLAR,Sterling and Wilson Renewable Energy Limited,EQ,INE00M201021,Industrials,Construction,Construction,Civil Construction
SYMPHONY,Symphony Limited,EQ,INE225D01027,Consumer Discretionary,Consumer Durables,Consumer Durables,Household Appliances
SYNCOMF,Syncom Formulations (India) Limited,EQ,INE312C01025,Healthcare,Healthcare,Pharmaceuticals & Biotechnology,Pharmaceuticals
SYNGENE,Syngene International Limited,EQ,INE398R01022,Healthcare,Healthcare,Healthcare Services,Healthcare Research Analytics & Technology
SYRMA,Syrma SGS Technology Limited,EQ,INE0DYJ01015,Industrials,Capital Goods,Industrial Manufacturing,Industrial Products
SYSTMTXC,Systematix Corporate Services Limited,BE,INE356B01024,Financial Services,Financial Services,Capital Markets,Stockbroking & Allied
TAALTECH,Taal Tech Limited,EQ,INE524T01011,Services,Services,Transport Services,Airline
TAINWALCHM,Tainwala Chemical and Plastic (I) Limited,EQ,INE123C01018,Industrials,Capital Goods,Industrial Products,Plastic Products - Industrial
TAJGVK,Taj GVK Hotels & Resorts Limited,EQ,INE586B01026,Consumer Discretionary,Consumer Services,Leisure Services,Hotels & Resorts
TAKE,Take Solutions Limited,BE,INE142I01023,Healthcare,Healthcare,Healthcare Services,Healthcare Research Analytics & Technology
TALBROAUTO,Talbros Automotive Components Limited,EQ,INE187D01029,Consumer Discretionary,Automobile and Auto Components,Auto Components,Auto Components & Equipments
TAMBOLIIN,Tamboli Industries Limited,BE,INE864J01012,Financial Services,Financial Services,Finance,Holding Company
TANLA,Tanla Platforms Limited,EQ,INE483C01032,Information Technology,Information Technology,IT - Software,Software Products
TARACHAND,Tara Chand InfraLogistic Solutions Limited,EQ,INE555Z01020,Services,Services,Commercial Services & Supplies,Diversified Commercial Services
TARAPUR,Tarapur Transformers Limited,EQ,INE747K01017,Financial Services,Financial Services,Finance,Investment Company
TARC,TARC Limited,EQ,INE0EK901012,Consumer Discretionary,Realty,Realty,Residential Commercial Projects
TARIL,Transformers And Rectifiers (India) Limited,EQ,INE763I01026,Industrials,Capital Goods,Electrical Equipment,Heavy Electrical Equipment
TARMAT,Tarmat Limited,EQ,INE924H01018,Industrials,Construction,Construction,Civil Construction
TARSONS,Tarsons Products Limited,EQ,INE144Z01023,Healthcare,Healthcare,Healthcare Equipment & Supplies,Medical Equipment & Supplies
TASTYBITE,Tasty Bite Eatables Limited,EQ,INE488B01017,Fast Moving Consumer Goods,Fast Moving Consumer Goods,Food Products,Packaged Foods
TATACAP,Tata Capital Limited,EQ,INE976I01016,Financial Services,Financial Services,Finance,Non Banking Financial Company (NBFC)
TATACHEM,Tata Chemicals Limited,EQ,INE092A01019,Commodities,Chemicals,Chemicals & Petrochemicals,Commodity Chemicals
TATACOMM,Tata Communications Limited,EQ,INE151A01013,Telecommunication,Telecommunication,Telecom - Services,Telecom - Cellular & Fixed line services
TATACONSUM,TATA CONSUMER PRODUCTS LIMITED,EQ,INE192A01025,Fast Moving Consumer Goods,Fast Moving Consumer Goods,Agricultural Food & other Products,Tea & Coffee
TATAELXSI,Tata Elxsi Limited,EQ,INE670A01012,Information Technology,Information Technology,IT - Software,Computers - Software & Consulting
TATAINVEST,Tata Investment Corporation Limited,EQ,INE672A01026,Financial Services,Financial Services,Finance,Investment Company
TATAPOWER,Tata Power Company Limited,EQ,INE245A01021,Utilities,Power,Power,Integrated Power Utilities
TATASTEEL,Tata Steel Limited,EQ,INE081A01020,Commodities,Metals & Mining,Ferrous Metals,Iron & Steel
TATATECH,Tata Technologies Limited,EQ,INE142M01025,Information Technology,Information Technology,IT - Services,IT Enabled Services
TATVA,Tatva Chintan Pharma Chem Limited,EQ,INE0GK401011,Commodities,Chemicals,Chemicals & Petrochemicals,Specialty Chemicals
TBOTEK,TBO Tek Limited,EQ,INE673O01025,Consumer Discretionary,Consumer Services,Leisure Services,Tour Travel Related Services
TBZ,Tribhovandas Bhimji Zaveri Limited,EQ,INE760L01018,Consumer Discretionary,Consumer Durables,Consumer Durables,Gems Jewellery And Watches
TCC,TCC Concept Limited,EQ,INE887D01016,Consumer Discretionary,Consumer Services,Retailing,Internet & Catalogue Retail
TCI,Transport Corporation of India Limited,EQ,INE688A01022,Services,Services,Transport Services,Logistics Solution Provider
TCIEXP,TCI Express Limited,EQ,INE586V01016,Services,Services,Transport Services,Logistics Solution Provider
TCIFINANCE,TCI Finance Limited,BE,INE911B01018,Financial Services,Financial Services,Finance,Non Banking Financial Company (NBFC)
TCPLPACK,TCPL Packaging Limited,EQ,INE822C01015,Industrials,Capital Goods,Industrial Products,Packaging
TCS,Tata Consultancy Services Limited,EQ,INE467B01029,Information Technology,Information Technology,IT - Software,Computers - Software & Consulting
TDPOWERSYS,TD Power Systems Limited,EQ,INE419M01027,Industrials,Capital Goods,Electrical Equipment,Heavy Electrical Equipment
TEAMGTY,Team India Guaranty Limited,EQ,INE289C01025,Financial Services,Financial Services,Finance,Investment Company
TEAMLEASE,Teamlease Services Limited,EQ,INE985S01024,Services,Services,Commercial Services & Supplies,Diversified Commercial Services
TECHM,Tech Mahindra Limited,EQ,INE669C01036,Information Technology,Information Technology,IT - Software,Computers - Software & Consulting
TECHNOE,Techno Electric & Engineering Company Limited,EQ,INE285K01026,Industrials,Construction,Construction,Civil Construction
TECHNVISN,TechNVision Ventures Limited,EQ,INE314H01012,Information Technology,Information Technology,IT - Software,Software Products
TECILCHEM,TECIL Chemicals and Hydro Power Limited,EQ,INE014B01011,Commodities,Chemicals,Chemicals & Petrochemicals,Commodity Chemicals
TEGA,Tega Industries Limited,EQ,INE011K01018,Industrials,Capital Goods,Industrial Manufacturing,Industrial Products
TEJASNET,Tejas Networks Limited,EQ,INE010J01012,Telecommunication,Telecommunication,Telecom - Equipment & Accessories,Telecom - Equipment & Accessories
TEMBO,Tembo Global Industries Limited,EQ,INE869Y01010,Industrials,Capital Goods,Industrial Products,Iron & Steel Products
TENNIND,Tenneco Clean Air India Limited,EQ,INE19RI01016,Consumer Discretionary,Automobile and Auto Components,Auto Components,Auto Components & Equipments
TERASOFT,Tera Software Limited,EQ,INE482B01010,Information Technology,Information Technology,IT - Services,IT Enabled Services
TEXINFRA,Texmaco Infrastructure & Holdings Limited,EQ,INE435C01024,Services,Services,Commercial Services & Supplies,Diversified Commercial Services
TEXMOPIPES,Texmo Pipes and Products Limited,EQ,INE141K01013,Industrials,Capital Goods,Industrial Products,Plastic Products - Industrial
TEXRAIL,Texmaco Rail & Engineering Limited,EQ,INE621L01012,Industrials,Capital Goods,Industrial Manufacturing,Railway Wagons
TFCILTD,Tourism Finance Corporation of India Limited,EQ,INE305A01023,Financial Services,Financial Services,Finance,Financial Institution
TFL,Transwarranty Finance Limited,EQ,INE804H01012,Financial Services,Financial Services,Finance,Non Banking Financial Company (NBFC)
TGBHOTELS,TGB Banquets And Hotels Limited,EQ,INE797H01018,Consumer Discretionary,Consumer Services,Leisure Services,Hotels & Resorts
THACKER,Thacker & Company Limited,BE,INE077P01034,Financial Services,Financial Services,Finance,Other Financial Services
THAKDEV,Thakkers Developers Limited,EQ,INE403F01017,Consumer Discretionary,Realty,Realty,Residential Commercial Projects
THANGAMAYL,Thangamayil Jewellery Limited,EQ,INE085J01014,Consumer Discretionary,Consumer Durables,Consumer Durables,Gems Jewellery And Watches
THEINVEST,The Investment Trust Of India Limited,EQ,INE924D01017,Financial Services,Financial Services,Finance,Other Financial Services
THEJO,Thejo Engineering Limited,EQ,INE121N01019,Industrials,Capital Goods,Industrial Manufacturing,Industrial Products
THELEELA,Leela Palaces Hotels & Resorts Limited,EQ,INE0AQ201015,Consumer Discretionary,Consumer Services,Leisure Services,Hotels & Resorts
THEMISMED,Themis Medicare Limited,EQ,INE083B01024,Healthcare,Healthcare,Pharmaceuticals & Biotechnology,Pharmaceuticals
THERMAX,Thermax Limited,EQ,INE152A01029,Industrials,Capital Goods,Electrical Equipment,Heavy Electrical Equipment
THOMASCOOK,Thomas Cook  (India)  Limited,EQ,INE332A01027,Consumer Discretionary,Consumer Services,Leisure Services,Tour Travel Related Services
THOMASCOTT,Thomas Scott (India) Limited,EQ,INE480M01011,Consumer Discretionary,Textiles,Textiles & Apparels,Garments & Apparels
THYROCARE,Thyrocare Technologies Limited,EQ,INE594H01019,Healthcare,Healthcare,Healthcare Services,Healthcare Service Provider
TI,Tilaknagar Industries Limited,EQ,INE133E01013,Fast Moving Consumer Goods,Fast Moving Consumer Goods,Beverages,Breweries & Distilleries
TICL,Twamev Construction and Infrastructure Limited,EQ,INE388G01026,Industrials,Construction,Construction,Civil Construction
TIGERLOGS,Tiger Logistics (India) Limited,BE,INE906O01029,Services,Services,Transport Services,Logistics Solution Provider
TIIL,Technocraft Industries (India) Limited,EQ,INE545H01011,Industrials,Capital Goods,Industrial Products,Iron & Steel Products
TIINDIA,Tube Investments of India Limited,EQ,INE974X01010,Consumer Discretionary,Automobile and Auto Components,Auto Components,Auto Components & Equipments
TIJARIA,Tijaria Polypipes Limited,EQ,INE440L01017,Industrials,Capital Goods,Industrial Products,Plastic Products - Industrial
TIL,TIL Limited,EQ,INE806C01018,Industrials,Capital Goods,Agricultural Commercial & Construction Vehicles,Construction Vehicles
TIMETECHNO,Time Technoplast Limited,EQ,INE508G01029,Industrials,Capital Goods,Industrial Products,Plastic Products - Industrial
TIMEX,Timex Group India Limited,EQ,INE064A01026,Consumer Discretionary,Consumer Durables,Consumer Durables,Gems Jewellery And Watches
TIMKEN,Timken India Limited,EQ,INE325A01013,Industrials,Capital Goods,Industrial Products,Abrasives & Bearings
TINNARUBR,Tinna Rubber and Infrastructure Limited,EQ,INE015C01016,Industrials,Capital Goods,Industrial Products,Rubber
TIPSFILMS,Tips Films Limited,EQ,INE0LQS01015,Consumer Discretionary,Media Entertainment & Publication,Entertainment,Film Production Distribution & Exhibition
TIPSMUSIC,Tips Music Limited,EQ,INE716B01029,Consumer Discretionary,Media Entertainment & Publication,Entertainment,Media & Entertainment
TIRUMALCHM,Thirumalai Chemicals Limited,EQ,INE338A01024,Commodities,Chemicals,Chemicals & Petrochemicals,Commodity Chemicals
TIRUPATIFL,Tirupati Forge Limited,EQ,INE319Y01024,Industrials,Capital Goods,Industrial Products,Castings & Forgings
TITAGARH,TITAGARH RAIL SYSTEMS LIMITED,EQ,INE615H01020,Industrials,Capital Goods,Industrial Manufacturing,Railway Wagons
TITAN,Titan Company Limited,EQ,INE280A01028,Consumer Discretionary,Consumer Durables,Consumer Durables,Gems Jewellery And Watches
TMB,Tamilnad Mercantile Bank Limited,EQ,INE668A01016,Financial Services,Financial Services,Banks,Private Sector Bank
TMCV,Tata Motors Limited,EQ,INE1TAE01010,Industrials,Capital Goods,Agricultural Commercial & Construction Vehicles,Commercial Vehicles
TMPV,Tata Motors Passenger Vehicles Limited,EQ,INE155A01022,Consumer Discretionary,Automobile and Auto Components,Automobiles,Passenger Cars & Utility Vehicles
TNPETRO,Tamilnadu PetroProducts Limited,EQ,INE148A01019,Commodities,Chemicals,Chemicals & Petrochemicals,Petrochemicals
TNPL,Tamil Nadu Newsprint & Papers Limited,EQ,INE107A01015,Commodities,Forest Materials,Paper Forest & Jute Products,Paper & Paper Products
TNTELE,Tamilnadu Telecommunication Limited,EQ,INE141D01018,Telecommunication,Telecommunication,Telecom - Equipment & Accessories,Telecom - Equipment & Accessories
TOKYOPLAST,Tokyo Plast International Limited,BE,INE932C01012,Consumer Discretionary,Consumer Durables,Consumer Durables,Plastic Products - Consumer
TOLINS,Tolins Tyres Limited,EQ,INE0RWQ01014,Consumer Discretionary,Automobile and Auto Components,Auto Components,Tyres & Rubber Products
TORNTPHARM,Torrent Pharmaceuticals Limited,EQ,INE685A01028,Healthcare,Healthcare,Pharmaceuticals & Biotechnology,Pharmaceuticals
TORNTPOWER,Torrent Power Limited,EQ,INE813H01021,Utilities,Power,Power,Integrated Power Utilities
TOTAL,Total Transport Systems Limited,EQ,INE336X01012,Services,Services,Transport Services,Logistics Solution Provider
TOUCHWOOD,Touchwood Entertainment Limited,EQ,INE486Y01013,Consumer Discretionary,Consumer Services,Other Consumer Services,Other Consumer Services
TPHQ,Teamo Productions HQ Limited,EQ,INE065J01024,Services,Services,Commercial Services & Supplies,Trading & Distributors
TPLPLASTEH,TPL Plastech Limited,EQ,INE413G01022,Industrials,Capital Goods,Industrial Products,Packaging
TRACXN,Tracxn Technologies Limited,EQ,INE0HMF01019,Services,Services,Commercial Services & Supplies,Data Processing Services
TRANSPEK,Transpek Industry Limited,EQ,INE687A01016,Commodities,Chemicals,Chemicals & Petrochemicals,Commodity Chemicals
TRANSRAILL,Transrail Lighting Limited,EQ,INE454P01035,Industrials,Capital Goods,Electrical Equipment,Heavy Electrical Equipment
TRANSWORLD,TRANSWORLD SHIPPING LINES LIMITED,BE,INE757B01015,Services,Services,Transport Services,Shipping
TRAVELFOOD,Travel Food Services Limited,EQ,INE103V01028,Consumer Discretionary,Consumer Services,Leisure Services,Restaurants
TREEHOUSE,Tree House Education & Accessories Limited,EQ,INE040M01013,Consumer Discretionary,Consumer Services,Other Consumer Services,Education
TREJHARA,TREJHARA SOLUTIONS LIMITED,EQ,INE00CA01015,Services,Services,Transport Services,Logistics Solution Provider
TREL,Transindia Real Estate Limited,EQ,INE0O3901029,Services,Services,Transport Services,Logistics Solution Provider
TRENT,Trent Limited,EQ,INE849A01020,Consumer Discretionary,Consumer Services,Retailing,Speciality Retail
TRF,TRF Limited,EQ,INE391D01019,Industrials,Capital Goods,Industrial Manufacturing,Industrial Products
TRIDENT,Trident Limited,EQ,INE064C01022,Consumer Discretionary,Textiles,Textiles & Apparels,Other Textile Products
TRIGYN,Trigyn Technologies Limited,EQ,INE948A01012,Information Technology,Information Technology,IT - Software,Computers - Software & Consulting
TRITURBINE,Triveni Turbine Limited,EQ,INE152M01016,Industrials,Capital Goods,Electrical Equipment,Heavy Electrical Equipment
TRIVENI,Triveni Engineering & Industries Limited,EQ,INE256C01024,Fast Moving Consumer Goods,Fast Moving Consumer Goods,Agricultural Food & other Products,Sugar
TRU,TruCap Finance Limited,EQ,INE615R01029,Financial Services,Financial Services,Finance,Non Banking Financial Company (NBFC)
TRUALT,TruAlt Bioenergy Limited,EQ,INE0MWH01014,Fast Moving Consumer Goods,Fast Moving Consumer Goods,Agricultural Food & other Products,Other Agricultural Products
TSFINV,TSF INVESTMENTS LIMITED,EQ,INE202Z01029,Financial Services,Financial Services,Finance,Investment Company
TTKHLTCARE,TTK Healthcare Limited,EQ,INE910C01018,Diversified,Diversified,Diversified,Diversified
TTKPRESTIG,TTK Prestige Limited,EQ,INE690A01028,Consumer Discretionary,Consumer Durables,Consumer Durables,Household Appliances
TTL,T T Limited,EQ,INE592B01024,Consumer Discretionary,Textiles,Textiles & Apparels,Other Textile Products
TTML,Tata Teleservices (Maharashtra) Limited,EQ,INE517B01013,Telecommunication,Telecommunication,Telecom - Services,Telecom - Cellular & Fixed line services
TURTLEMINT,Turtlemint Fintech Solutions Limited,EQ,INE0OC301013,Financial Services,Financial Services,Financial Technology (Fintech),Financial Technology (Fintech)
TVSELECT,TVS Electronics Limited,EQ,INE236G01019,Information Technology,Information Technology,IT - Hardware,Computers Hardware & Equipments
TVSHLTD,TVS Holdings Limited,EQ,INE105A01035,Financial Services,Financial Services,Finance,Investment Company
TVSMOTOR,TVS Motor Company Limited,EQ,INE494B01023,Consumer Discretionary,Automobile and Auto Components,Automobiles,2/3 Wheelers
TVSSCS,TVS Supply Chain Solutions Limited,EQ,INE395N01027,Services,Services,Transport Services,Logistics Solution Provider
TVSSRICHAK,TVS Srichakra Limited,EQ,INE421C01016,Consumer Discretionary,Automobile and Auto Components,Auto Components,Tyres & Rubber Products
TVTODAY,TV Today Network Limited,EQ,INE038F01029,Consumer Discretionary,Media Entertainment & Publication,Entertainment,TV Broadcasting & Software Production
TVVISION,TV Vision Limited,EQ,INE871L01013,Consumer Discretionary,Media Entertainment & Publication,Entertainment,TV Broadcasting & Software Production
UBL,United Breweries Limited,EQ,INE686F01025,Fast Moving Consumer Goods,Fast Moving Consumer Goods,Beverages,Breweries & Distilleries
UCAL,UCAL LIMITED,EQ,INE139B01016,Consumer Discretionary,Automobile and Auto Components,Auto Components,Auto Components & Equipments
UCOBANK,UCO Bank,EQ,INE691A01018,Financial Services,Financial Services,Banks,Public Sector Bank
UDS,Updater Services Limited,EQ,INE851I01011,Services,Services,Commercial Services & Supplies,Diversified Commercial Services
UEL,Ujaas Energy Limited,EQ,INE899L01030,Utilities,Power,Power,Power Generation
UFBL,United Foodbrands Limited,EQ,INE382M01027,Consumer Discretionary,Consumer Services,Leisure Services,Restaurants
UFLEX,UFLEX Limited,EQ,INE516A01017,Industrials,Capital Goods,Industrial Products,Packaging
UFO,UFO Moviez India Limited,EQ,INE527H01019,Consumer Discretionary,Media Entertainment & Publication,Entertainment,Film Production Distribution & Exhibition
UGARSUGAR,The Ugar Sugar Works Limited,EQ,INE071E01023,Fast Moving Consumer Goods,Fast Moving Consumer Goods,Agricultural Food & other Products,Other Agricultural Products
UGROCAP,Ugro Capital Limited,EQ,INE583D01011,Financial Services,Financial Services,Finance,Non Banking Financial Company (NBFC)
UJJIVANSFB,Ujjivan Small Finance Bank Limited,EQ,INE551W01018,Financial Services,Financial Services,Banks,Other Bank
ULTRACEMCO,UltraTech Cement Limited,EQ,INE481G01011,Commodities,Construction Materials,Cement & Cement Products,Cement & Cement Products
ULTRAMAR,Ultramarine & Pigments Limited,EQ,INE405A01021,Commodities,Chemicals,Chemicals & Petrochemicals,Dyes And Pigments
UMAEXPORTS,Uma Exports Limited,BE,INE0GIU01018,Services,Services,Commercial Services & Supplies,Trading & Distributors
UMESLTD,Usha Martin Education & Solutions Limited,EQ,INE240C01028,Consumer Discretionary,Consumer Services,Other Consumer Services,E-Learning
UMIYA-MRO,UMIYA BUILDCON LIMITED,EQ,INE398B01018,Telecommunication,Telecommunication,Telecom - Equipment & Accessories,Telecom - Equipment & Accessories
UNICHEMLAB,Unichem Laboratories Limited,EQ,INE351A01035,Healthcare,Healthcare,Pharmaceuticals & Biotechnology,Pharmaceuticals
UNIDT,United Drilling Tools Limited,BE,INE961D01019,Industrials,Capital Goods,Industrial Manufacturing,Industrial Products
UNIECOM,Unicommerce Esolutions Limited,EQ,INE00U401027,Information Technology,Information Technology,IT - Services,IT Enabled Services
UNIENTER,Uniphos Enterprises Limited,EQ,INE037A01022,Commodities,Chemicals,Chemicals & Petrochemicals,Trading - Chemicals
UNIINFO,Uniinfo Telecom Services Limited,BE,INE481Z01011,Telecommunication,Telecommunication,Telecom - Services,Other Telecom Services
UNIMECH,Unimech Aerospace and Manufacturing Limited,EQ,INE0U3I01011,Industrials,Capital Goods,Aerospace & Defense,Aerospace & Defense
UNIONBANK,Union Bank of India,EQ,INE692A01016,Financial Services,Financial Services,Banks,Public Sector Bank
UNIPARTS,Uniparts India Limited,EQ,INE244O01017,Consumer Discretionary,Automobile and Auto Components,Auto Components,Auto Components & Equipments
UNITDSPR,United Spirits Limited,EQ,INE854D01024,Fast Moving Consumer Goods,Fast Moving Consumer Goods,Beverages,Breweries & Distilleries
UNITECH,Unitech Limited,EQ,INE694A01020,Consumer Discretionary,Realty,Realty,Residential Commercial Projects
UNITEDPOLY,United Polyfab Gujarat Limited,BE,INE368U01029,Consumer Discretionary,Textiles,Textiles & Apparels,Other Textile Products
UNITEDTEA,The United Nilgiri Tea Estates Company Limited,EQ,INE458F01011,Fast Moving Consumer Goods,Fast Moving Consumer Goods,Agricultural Food & other Products,Tea & Coffee
UNIVASTU,Univastu India Limited,BE,INE562X01013,Industrials,Construction,Construction,Civil Construction
UNIVCABLES,Universal Cables Limited,EQ,INE279A01012,Industrials,Capital Goods,Industrial Products,Cables - Electricals
UNIVPHOTO,Universus Photo Imagings Limited,BE,INE03V001013,Consumer Discretionary,Consumer Durables,Consumer Durables,Consumer Electronics
UNOMINDA,UNO Minda Limited,EQ,INE405E01023,Consumer Discretionary,Automobile and Auto Components,Auto Components,Auto Components & Equipments
UPL,UPL Limited,EQ,INE628A01036,Commodities,Chemicals,Fertilizers & Agrochemicals,Pesticides & Agrochemicals
URAVIDEF,Uravi Defence and Technology Limited,BE,INE568Z01015,Consumer Discretionary,Automobile and Auto Components,Auto Components,Auto Components & Equipments
URBANCO,Urban Company Limited,EQ,INE0CAZ01013,Consumer Discretionary,Consumer Services,Retailing,E-Retail/ E-Commerce
URJA,Urja Global Limited,EQ,INE550C01020,Industrials,Capital Goods,Electrical Equipment,Other Electrical Equipment
USHAMART,Usha Martin Limited,EQ,INE228A01035,Industrials,Capital Goods,Industrial Products,Iron & Steel Products
USK,Udayshivakumar Infra Limited,EQ,INE0N0Y01013,Industrials,Construction,Construction,Civil Construction
UTIAMC,UTI Asset Management Company Limited,EQ,INE094J01016,Financial Services,Financial Services,Capital Markets,Asset Management Company
UTKARSHBNK,Utkarsh Small Finance Bank Limited,EQ,INE735W01017,Financial Services,Financial Services,Banks,Other Bank
UTLSOLAR,Fujiyama Power Systems Limited,EQ,INE12UR01024,Industrials,Capital Goods,Electrical Equipment,Other Electrical Equipment
UTTAMSUGAR,Uttam Sugar Mills Limited,EQ,INE786F01031,Fast Moving Consumer Goods,Fast Moving Consumer Goods,Agricultural Food & other Products,Sugar
UYFINCORP,U. Y. Fincorp Limited,EQ,INE152C01025,Financial Services,Financial Services,Finance,Non Banking Financial Company (NBFC)
V2RETAIL,V2 Retail Limited,EQ,INE945H01021,Consumer Discretionary,Consumer Services,Retailing,Speciality Retail
VADILALIND,Vadilal Industries Limited,EQ,INE694D01016,Fast Moving Consumer Goods,Fast Moving Consumer Goods,Food Products,Dairy Products
VAIBHAVGBL,Vaibhav Global Limited,EQ,INE884A01027,Consumer Discretionary,Consumer Durables,Consumer Durables,Gems Jewellery And Watches
VAISHALI,Vaishali Pharma Limited,BE,INE972X01022,Healthcare,Healthcare,Pharmaceuticals & Biotechnology,Pharmaceuticals
VAKRANGEE,Vakrangee Limited,EQ,INE051B01021,Information Technology,Information Technology,IT - Services,IT Enabled Services
VALIANTLAB,Valiant Laboratories Limited,BE,INE0JWS01017,Healthcare,Healthcare,Pharmaceuticals & Biotechnology,Pharmaceuticals
VALIANTORG,Valiant Organics Limited,BE,INE565V01010,Commodities,Chemicals,Chemicals & Petrochemicals,Specialty Chemicals
VAML,Vedanta Aluminium Metal Limited,EQ,INE1CDF01017,Commodities,Metals & Mining,Non - Ferrous Metals,Aluminium
VARDHACRLC,Vardhman Acrylics Limited,BE,INE116G01013,Consumer Discretionary,Textiles,Textiles & Apparels,Other Textile Products
VARDMNPOLY,Vardhman Polytex Limited,EQ,INE835A01029,Consumer Discretionary,Textiles,Textiles & Apparels,Other Textile Products
VARROC,Varroc Engineering Limited,EQ,INE665L01035,Consumer Discretionary,Automobile and Auto Components,Auto Components,Auto Components & Equipments
VASCONEQ,Vascon Engineers Limited,BE,INE893I01013,Consumer Discretionary,Realty,Realty,Residential Commercial Projects
VASWANI,Vaswani Industries Limited,EQ,INE590L01019,Commodities,Metals & Mining,Ferrous Metals,Sponge Iron
VBL,Varun Beverages Limited,EQ,INE200M01039,Fast Moving Consumer Goods,Fast Moving Consumer Goods,Beverages,Other Beverages
VCL,Vaxtex Cotfab Limited,EQ,INE098201036,Consumer Discretionary,Textiles,Textiles & Apparels,Other Textile Products
VEDL,Vedanta Limited,EQ,INE205A01025,Commodities,Metals & Mining,Diversified Metals,Diversified Metals
VEDPOWER,Vedanta Power Limited,EQ,INE694L01019,Utilities,Power,Power,Power Generation
VEEDOL,Veedol Corporation Limited,EQ,INE484C01030,Energy,Oil Gas & Consumable Fuels,Petroleum Products,Lubricants
VELJAN,Veljan Denison Limited,BE,INE232E01013,Industrials,Capital Goods,Industrial Products,Compressors Pumps & Diesel Engines
VENKEYS,Venky's (India) Limited,EQ,INE398A01010,Fast Moving Consumer Goods,Fast Moving Consumer Goods,Food Products,Meat Products including Poultry
VENTIVE,Ventive Hospitality Limited,EQ,INE781S01027,Consumer Discretionary,Consumer Services,Leisure Services,Hotels & Resorts
VENUSPIPES,Venus Pipes & Tubes Limited,EQ,INE0JA001018,Industrials,Capital Goods,Industrial Products,Iron & Steel Products
VENUSREM,Venus Remedies Limited,BE,INE411B01019,Healthcare,Healthcare,Pharmaceuticals & Biotechnology,Pharmaceuticals
VERANDA,Veranda Learning Solutions Limited,EQ,INE0IQ001011,Consumer Discretionary,Consumer Services,Other Consumer Services,E-Learning
VERTOZ,Vertoz Limited,BE,INE188Y01031,Information Technology,Information Technology,IT - Services,IT Enabled Services
VESUVIUS,Vesuvius India Limited,EQ,INE386A01023,Industrials,Capital Goods,Industrial Products,Electrodes & Refractories
VETO,Veto Switchgears And Cables Limited,BE,INE918N01018,Consumer Discretionary,Consumer Durables,Consumer Durables,Consumer Electronics
VGL,VARVEE GLOBAL LIMITED,EQ,INE273D01027,Consumer Discretionary,Textiles,Textiles & Apparels,Other Textile Products
VGUARD,V-Guard Industries Limited,EQ,INE951I01027,Consumer Discretionary,Consumer Durables,Consumer Durables,Household Appliances
VHL,Vardhman Holdings Limited,EQ,INE701A01023,Financial Services,Financial Services,Finance,Investment Company
VHLTD,Viceroy Hotels Limited,BE,INE048C01025,Consumer Discretionary,Consumer Services,Leisure Services,Hotels & Resorts
VIDHIING,Vidhi Specialty Food Ingredients Limited,EQ,INE632C01026,Commodities,Chemicals,Chemicals & Petrochemicals,Specialty Chemicals
VIDYAWIRES,Vidya Wires Limited,EQ,INE14UN01029,Industrials,Capital Goods,Industrial Products,Aluminium Copper & Zinc Products
VIJAYA,Vijaya Diagnostic Centre Limited,EQ,INE043W01024,Healthcare,Healthcare,Healthcare Services,Healthcare Service Provider
VIJIFIN,Viji Finance Limited,BE,INE159N01027,Financial Services,Financial Services,Finance,Non Banking Financial Company (NBFC)
VIKASECO,Vikas EcoTech Limited,EQ,INE806A01020,Commodities,Chemicals,Chemicals & Petrochemicals,Specialty Chemicals
VIKASLIFE,Vikas Lifecare Limited,EQ,INE161L01027,Services,Services,Commercial Services & Supplies,Trading & Distributors
VIKRAMSOLR,Vikram Solar Limited,EQ,INE078V01014,Industrials,Capital Goods,Electrical Equipment,Other Electrical Equipment
VIKRAN,Vikran Engineering Limited,EQ,INE01R501028,Industrials,Construction,Construction,Civil Construction
VIMTALABS,Vimta Labs Limited,EQ,INE579C01029,Healthcare,Healthcare,Healthcare Services,Healthcare Research Analytics & Technology
VINATIORGA,Vinati Organics Limited,EQ,INE410B01037,Commodities,Chemicals,Chemicals & Petrochemicals,Specialty Chemicals
VINCOFE,Vintage Coffee And Beverages Limited,EQ,INE498Q01014,Fast Moving Consumer Goods,Fast Moving Consumer Goods,Agricultural Food & other Products,Tea & Coffee
VINDHYATEL,Vindhya Telelinks Limited,EQ,INE707A01012,Industrials,Construction,Construction,Civil Construction
VINEETLAB,Vineet Laboratories Limited,BE,INE505Y01010,Healthcare,Healthcare,Pharmaceuticals & Biotechnology,Pharmaceuticals
VINNY,Vinny Overseas Limited,EQ,INE01KI01027,Consumer Discretionary,Textiles,Textiles & Apparels,Garments & Apparels
VINYLINDIA,Vinyl Chemicals (India) Limited,EQ,INE250B01029,Commodities,Chemicals,Chemicals & Petrochemicals,Trading - Chemicals
VIPCLOTHNG,VIP Clothing Limited,BE,INE450G01024,Consumer Discretionary,Textiles,Textiles & Apparels,Garments & Apparels
VIPIND,VIP Industries Limited,EQ,INE054A01027,Consumer Discretionary,Consumer Durables,Consumer Durables,Plastic Products - Consumer
VIPULLTD,Vipul Limited,EQ,INE946H01037,Consumer Discretionary,Realty,Realty,Residential Commercial Projects
VIRINCHI,Virinchi Limited,EQ,INE539B01017,Information Technology,Information Technology,IT - Software,Software Products
VISACHROME,VISA Chrome Limited,BE,INE286H01012,Commodities,Metals & Mining,Ferrous Metals,Ferro & Silica Manganese
VISAKAIND,Visaka Industries Limited,EQ,INE392A01021,Commodities,Construction Materials,Cement & Cement Products,Cement & Cement Products
VISHNU,Vishnu Chemicals Limited,EQ,INE270I01022,Commodities,Chemicals,Chemicals & Petrochemicals,Specialty Chemicals
VISHWARAJ,Vishwaraj Sugar Industries Limited,EQ,INE430N01022,Fast Moving Consumer Goods,Fast Moving Consumer Goods,Agricultural Food & other Products,Sugar
VISL,Vedanta Iron and Steel Limited,EQ,INE1CLE01013,Commodities,Metals & Mining,Ferrous Metals,Iron & Steel
VITAL,Vital Chemtech Limited,BE,INE0L4K01016,Commodities,Chemicals,Chemicals & Petrochemicals,Specialty Chemicals
VIVIANA,Viviana Power Tech Limited,BE,INE0MEG01014,Industrials,Construction,Construction,Civil Construction
VIVIDHA,Visagar Polytex Limited,EQ,INE370E01029,Consumer Discretionary,Textiles,Textiles & Apparels,Garments & Apparels
VIVIMEDLAB,Vivimed Labs Limited,BE,INE526G01021,Healthcare,Healthcare,Pharmaceuticals & Biotechnology,Pharmaceuticals
VIYASH,Viyash Scientific Limited,EQ,INE807F01027,Healthcare,Healthcare,Pharmaceuticals & Biotechnology,Pharmaceuticals
VLEGOV,VL E-Governance & IT Solutions Limited,BE,INE03HW01020,Information Technology,Information Technology,IT - Services,IT Enabled Services
VLSFINANCE,VLS Finance Limited,EQ,INE709A01018,Financial Services,Financial Services,Finance,Investment Company
VMART,V-Mart Retail Limited,EQ,INE665J01013,Consumer Discretionary,Consumer Services,Retailing,Diversified Retail
VMM,Vishal Mega Mart Limited,EQ,INE01EA01019,Consumer Discretionary,Consumer Services,Retailing,Diversified Retail
VMSTMT,VMS TMT Limited,BE,INE0SJA01013,Industrials,Capital Goods,Industrial Products,Iron & Steel Products
VOEPL,Virtuoso Optoelectronics Limited,EQ,INE0I0T01010,Consumer Discretionary,Consumer Durables,Consumer Durables,Diversified consumer products
VOGL,Vedanta Oil and Gas Limited,EQ,INE704J01044,Energy,Oil Gas & Consumable Fuels,Oil,Oil Exploration & Production
VOLTAMP,Voltamp Transformers Limited,EQ,INE540H01012,Industrials,Capital Goods,Electrical Equipment,Heavy Electrical Equipment
VOLTAS,Voltas Limited,EQ,INE226A01021,Consumer Discretionary,Consumer Durables,Consumer Durables,Household Appliances
VPRPL,Vishnu Prakash R Punglia Limited,BE,INE0AE001013,Industrials,Construction,Construction,Civil Construction
VRAJ,Vraj Iron and Steel Limited,EQ,INE0S2V01010,Commodities,Metals & Mining,Ferrous Metals,Sponge Iron
VRLLOG,VRL Logistics Limited,EQ,INE366I01010,Services,Services,Transport Services,Logistics Solution Provider
VSSL,Vardhman Special Steels Limited,EQ,INE050M01012,Industrials,Capital Goods,Industrial Products,Iron & Steel Products
VSTIND,VST Industries Limited,EQ,INE710A01016,Fast Moving Consumer Goods,Fast Moving Consumer Goods,Cigarettes & Tobacco Products,Cigarettes & Tobacco Products
VSTL,Vibhor Steel Tubes Limited,EQ,INE0QTF01015,Industrials,Capital Goods,Industrial Products,Iron & Steel Products
VSTTILLERS,V.S.T Tillers Tractors Limited,EQ,INE764D01017,Industrials,Capital Goods,Agricultural Commercial & Construction Vehicles,Tractors
VTL,Vardhman Textiles Limited,EQ,INE825A01020,Consumer Discretionary,Textiles,Textiles & Apparels,Other Textile Products
WAAREEENER,Waaree Energies Limited,EQ,INE377N01017,Industrials,Capital Goods,Electrical Equipment,Other Electrical Equipment
WAAREEINDO,Indosolar Limited,EQ,INE866K01023,Industrials,Capital Goods,Electrical Equipment,Heavy Electrical Equipment
WAAREERTL,Waaree Renewable Technologies Limited,EQ,INE299N01021,Industrials,Capital Goods,Electrical Equipment,Other Electrical Equipment
WABAG,VA Tech Wabag Limited,EQ,INE956G01038,Utilities,Utilities,Other Utilities,Water Supply & Management
WAKEFIT,Wakefit Innovations Limited,EQ,INE0E7301029,Consumer Discretionary,Consumer Durables,Consumer Durables,Furniture Home Furnishing
WALCHANNAG,Walchandnagar Industries Limited,EQ,INE711A01022,Industrials,Capital Goods,Industrial Manufacturing,Industrial Products
WANBURY,Wanbury Limited,EQ,INE107F01022,Healthcare,Healthcare,Pharmaceuticals & Biotechnology,Pharmaceuticals
WCIL,Western Carriers (India) Limited,EQ,INE0CJF01024,Services,Services,Transport Services,Logistics Solution Provider
WEALTH,Wealth First Portfolio Managers Limited,EQ,INE658T01017,Financial Services,Financial Services,Finance,Other Financial Services
WEBELSOLAR,Websol Energy System Limited,EQ,INE855C01023,Industrials,Capital Goods,Electrical Equipment,Other Electrical Equipment
WEIZMANIND,Weizmann Limited,EQ,INE080A01014,Consumer Discretionary,Textiles,Textiles & Apparels,Other Textile Products
WEL,Wonder Electricals Limited,EQ,INE02WG01024,Consumer Discretionary,Consumer Durables,Consumer Durables,Household Appliances
WELCORP,Welspun Corp Limited,EQ,INE191B01025,Industrials,Capital Goods,Industrial Products,Iron & Steel Products
WELENT,Welspun Enterprises Limited,EQ,INE625G01013,Industrials,Construction,Construction,Civil Construction
WELINV,Welspun Investments and Commercials Limited,BE,INE389K01018,Financial Services,Financial Services,Finance,Investment Company
WELSPLSOL,Welspun Specialty Solutions Limited,EQ,INE731F01037,Industrials,Capital Goods,Industrial Products,Iron & Steel Products
WELSPUNLIV,Welspun Living Limited,EQ,INE192B01031,Consumer Discretionary,Textiles,Textiles & Apparels,Other Textile Products
WENDT,Wendt (India) Limited,EQ,INE274C01019,Industrials,Capital Goods,Industrial Products,Abrasives & Bearings
WESTLIFE,WESTLIFE FOODWORLD LIMITED,EQ,INE274F01020,Consumer Discretionary,Consumer Services,Leisure Services,Restaurants
WEWIN,WE WIN LIMITED,BE,INE082W01014,Services,Services,Commercial Services & Supplies,Business Process Outsourcing (BPO)/ Knowledge Process Outsourcing (KPO)
WEWORK,WeWork India Management Limited,EQ,INE085001019,Services,Services,Commercial Services & Supplies,Diversified Commercial Services
WHEELS,Wheels India Limited,EQ,INE715A01015,Consumer Discretionary,Automobile and Auto Components,Auto Components,Auto Components & Equipments
WHIRLPOOL,Whirlpool of India Limited,EQ,INE716A01013,Consumer Discretionary,Consumer Durables,Consumer Durables,Household Appliances
WILLAMAGOR,Williamson Magor & Company Limited,EQ,INE210A01017,Financial Services,Financial Services,Finance,Investment Company
WINDLAS,Windlas Biotech Limited,EQ,INE0H5O01029,Healthcare,Healthcare,Pharmaceuticals & Biotechnology,Pharmaceuticals
WINDMACHIN,Windsor Machines Limited,EQ,INE052A01021,Industrials,Capital Goods,Industrial Manufacturing,Industrial Products
WINSOME,Winsome Yarns Limited,BZ,INE784B01035,Consumer Discretionary,Textiles,Textiles & Apparels,Other Textile Products
WIPL,The Western India Plywoods Limited,EQ,INE215F01023,Consumer Discretionary,Consumer Durables,Consumer Durables,Plywood Boards/ Laminates
WIPRO,Wipro Limited,EQ,INE075A01022,Information Technology,Information Technology,IT - Software,Computers - Software & Consulting
WOCKPHARMA,Wockhardt Limited,EQ,INE049B01025,Healthcare,Healthcare,Pharmaceuticals & Biotechnology,Pharmaceuticals
WONDERLA,Wonderla Holidays Limited,EQ,INE066O01014,Consumer Discretionary,Consumer Services,Leisure Services,Amusement Parks/ Other Recreation
WORTHPERI,Worth Peripherals Limited,EQ,INE196Y01018,Industrials,Capital Goods,Industrial Products,Packaging
WPIL,WPIL Limited,EQ,INE765D01022,Industrials,Capital Goods,Industrial Products,Other Industrial Products
WSI,W S Industries (I) Limited,EQ,INE100D01014,Industrials,Construction,Construction,Civil Construction
WSTCSTPAPR,West Coast Paper Mills Limited,EQ,INE976A01021,Commodities,Forest Materials,Paper Forest & Jute Products,Paper & Paper Products
XCHANGING,Xchanging Solutions Limited,EQ,INE692G01013,Information Technology,Information Technology,IT - Software,Computers - Software & Consulting
XELPMOC,Xelpmoc Design And Tech Limited,EQ,INE01P501012,Information Technology,Information Technology,IT - Software,Software Products
XPROINDIA,Xpro India Limited,EQ,INE445C01015,Industrials,Capital Goods,Industrial Products,Packaging
XTGLOBAL,Xtglobal Infotech Limited,EQ,INE547B01028,Information Technology,Information Technology,IT - Software,Computers - Software & Consulting
YASHO,Yasho Industries Limited,EQ,INE616Z01012,Commodities,Chemicals,Chemicals & Petrochemicals,Specialty Chemicals
YATHARTH,Yatharth Hospital & Trauma Care Services Limited,EQ,INE0JO301016,Healthcare,Healthcare,Healthcare Services,Hospital
YATRA,Yatra Online Limited,EQ,INE0JR601024,Consumer Discretionary,Consumer Services,Leisure Services,Tour Travel Related Services
YESBANK,Yes Bank Limited,EQ,INE528G01035,Financial Services,Financial Services,Banks,Private Sector Bank
YUKEN,Yuken India Limited,EQ,INE384C01016,Industrials,Capital Goods,Industrial Products,Compressors Pumps & Diesel Engines
ZAGGLE,Zaggle Prepaid Ocean Services Limited,EQ,INE07K301024,Information Technology,Information Technology,IT - Services,IT Enabled Services
ZEEL,Zee Entertainment Enterprises Limited,EQ,INE256A01028,Consumer Discretionary,Media Entertainment & Publication,Entertainment,TV Broadcasting & Software Production
ZEELEARN,Zee Learn Limited,BE,INE565L01011,Consumer Discretionary,Consumer Services,Other Consumer Services,Education
ZEEMEDIA,Zee Media Corporation Limited,EQ,INE966H01019,Consumer Discretionary,Media Entertainment & Publication,Entertainment,TV Broadcasting & Software Production
ZENITHEXPO,Zenith Exports Limited,EQ,INE058B01018,Consumer Discretionary,Consumer Durables,Consumer Durables,Leather And Leather Products
ZENITHSTL,Zenith Steel Pipes & Industries Limited,EQ,INE318D01020,Industrials,Capital Goods,Industrial Products,Iron & Steel Products
ZENSARTECH,Zensar Technologies Limited,EQ,INE520A01027,Information Technology,Information Technology,IT - Software,Computers - Software & Consulting
ZENTEC,Zen Technologies Limited,EQ,INE251B01027,Industrials,Capital Goods,Aerospace & Defense,Aerospace & Defense
ZFCVINDIA,ZF Commercial Vehicle Control Systems India Limited,EQ,INE342J01019,Consumer Discretionary,Automobile and Auto Components,Auto Components,Auto Components & Equipments
ZFSTEERING,ZF Steering Gear (India) Limited,EQ,INE116C01012,Consumer Discretionary,Automobile and Auto Components,Auto Components,Auto Components & Equipments
ZIMLAB,Zim Laboratories Limited,BE,INE518E01015,Healthcare,Healthcare,Pharmaceuticals & Biotechnology,Pharmaceuticals
ZODIAC,Zodiac Energy Limited,BE,INE761Y01019,Industrials,Construction,Construction,Civil Construction
ZODIACLOTH,Zodiac Clothing Company Limited,EQ,INE206B01013,Consumer Discretionary,Textiles,Textiles & Apparels,Garments & Apparels
ZOTA,Zota Health Care LImited,EQ,INE358U01012,Healthcare,Healthcare,Pharmaceuticals & Biotechnology,Pharmaceuticals
ZSARACOM,Saraswati Commercial India Limited,EQ,INE967G01019,Financial Services,Financial Services,Finance,Non Banking Financial Company (NBFC)
ZUARI,Zuari Agro Chemicals Limited,EQ,INE840M01016,Commodities,Chemicals,Fertilizers & Agrochemicals,Fertilizers
ZUARIIND,ZUARI INDUSTRIES LIMITED,EQ,INE217A01012,Fast Moving Consumer Goods,Fast Moving Consumer Goods,Agricultural Food & other Products,Sugar
ZYDUSLIFE,Zydus Lifesciences Limited,EQ,INE010B01027,Healthcare,Healthcare,Pharmaceuticals & Biotechnology,Pharmaceuticals
ZYDUSWELL,Zydus Wellness Limited,EQ,INE768C01028,Fast Moving Consumer Goods,Fast Moving Consumer Goods,Food Products,Packaged Foods
AASTHA,Aastha Spintex Limited,BE,INE2FMX01012,Consumer Discretionary,Textiles,Textiles & Apparels,Other Textile Products
AURUS,AURUS GEM CORPORATION LIMITED,EQ,INE142K01011,Consumer Discretionary,Consumer Durables,Consumer Durables,Gems Jewellery And Watches
BLUECHIP,Blue Chip India Limited,BE,INE657B01025,Financial Services,Financial Services,Finance,Investment Company
GYFTR,Gyftr Limited,EQ,INE724A01017,Financial Services,Financial Services,Finance,Other Financial Services
KNACK,Knack Packaging Limited,EQ,INE17QZ01016,Industrials,Capital Goods,Industrial Products,Packaging
KUSUMGAR,Kusumgar Limited,EQ,INE0ISX01025,Consumer Discretionary,Textiles,Textiles & Apparels,Other Textile Products
LASERPOWER,Laser Power & Infra Limited,EQ,INE17IR01028,Industrials,Capital Goods,Industrial Products,Cables - Electricals
RIR,RIR Power Electronics Limited,EQ,INE302D01024,Industrials,Capital Goods,Electrical Equipment,Other Electrical Equipment
AEROPLANE,Amir Chand Jagdish Kumar (Exports) Limited,EQ,INE05TO01019,Fast Moving Consumer Goods,Fast Moving Consumer Goods,Agricultural Food & other Products,Other Agricultural Products
ALPINETEX,Alpine Texworld Limited,BE,INE1JCQ01037,Consumer Discretionary,Textiles,Textiles & Apparels,Other Textile Products
SBIFUNDS,SBI Funds Management Limited,EQ,INE640G01020,Financial Services,Financial Services,Capital Markets,Asset Management Company
AGSTRA,AGS Transact Technologies Limited,BZ,INE583L01014,Financial Services,Financial Services,Financial Technology (Fintech),Financial Technology (Fintech)
ASHIKAG,Ashika Global Securities Limited,EQ,INE094B01013,Financial Services,Financial Services,Finance,Non Banking Financial Company (NBFC)
CLCIND,CLC Industries Limited,BE,INE376C01038,Consumer Discretionary,Textiles,Textiles & Apparels,Other Textile Products
CMLL,Caliber Mining and Logistics Limited,EQ,INE11XY01018,Energy,Oil Gas & Consumable Fuels,Consumable Fuels,Coal
CPL,Captain Polyplast Limited,EQ,INE536P01021,Industrials,Capital Goods,Industrial Products,Plastic Products - Industrial
DSKULKARNI,DS Kulkarni Developers Limited,BE,INE891A01022,Consumer Discretionary,Realty,Realty,Residential Commercial Projects
GENSOL,Gensol Engineering Limited,BZ,INE06H201014,Industrials,Construction,Construction,Civil Construction
IMPEXFERRO,Impex Ferro Tech Limited,BZ,INE691G01015,Commodities,Metals & Mining,Ferrous Metals,Ferro & Silica Manganese
INDOMIM,INDO-MIM Limited,EQ,INE084101034,Industrials,Capital Goods,Industrial Manufacturing,Industrial Products
JNPR,Juniper Green Energy Limited,EQ,INE05C901015,Utilities,Power,Power,Power Generation
LCL,Lohia Corp Limited,EQ,INE0QJW01029,Industrials,Capital Goods,Industrial Manufacturing,Industrial Products
MANIPALHOS,Manipal Health Enterprises Limited,EQ,INE459N01021,Healthcare,Healthcare,Healthcare Services,Hospital
MVELECTRO,MV Electrosystems Limited,EQ,INE0OWZ01020,Industrials,Capital Goods,Industrial Manufacturing,Industrial Products
RELINFRA,Reliance Infrastructure Limited,BE,INE036A01016,Utilities,Power,Power,Integrated Power Utilities
XTRANET,Xtranet Technologies Limited,BE,INE0NG701011,Information Technology,Information Technology,IT - Services,IT Enabled Services
ANNAPURNA,Annapurna Swadisht Limited,EQ,INE0MGM01017,Fast Moving Consumer Goods,Fast Moving Consumer Goods,Food Products,Packaged Foods
ARDEE,Ardee Industries Limited,EQ,INE0XNF01022,Commodities,Metals & Mining,Diversified Metals,Diversified Metals
BURNPUR,Burnpur Cement Limited,BE,INE817H01022,Commodities,Construction Materials,Cement & Cement Products,Cement & Cement Products
GENESYS-RE,Genesys International Corporation Limited-RE,BE,INE727B20018,Information Technology,Information Technology,IT - Services,IT Enabled Services
LEAPIND,LEAP India Limited,EQ,INE00GO01025,Services,Services,Commercial Services & Supplies,Diversified Commercial Services
SHANTI-RE,Shanti Gold International Limited-RE,BE,INE06ZD20017,Consumer Discretionary,Consumer Durables,Consumer Durables,Gems Jewellery And Watches
SHUKRAPHAR,Shukra Pharmaceuticals Limited,EQ,INE551C01044,Healthcare,Healthcare,Pharmaceuticals & Biotechnology,Pharmaceuticals
SWARAJ,Swaraj Suiting Limited,EQ,INE0GMR01016,Consumer Discretionary,Textiles,Textiles & Apparels,Other Textile Products
TECHNOCRAF,Technocraft Ventures Limited,EQ,INE1D0W01018,Utilities,Utilities,Other Utilities,Water Supply & Management
ACGL,Automobile Corporation of Goa Limited,EQ,INE451C01013,Consumer Discretionary,Automobile and Auto Components,Auto Components,Auto Components & Equipments
ADDIND,Addi Industries Limited,EQ,INE757C01021,Consumer Discretionary,Textiles,Textiles & Apparels,Garments & Apparels
ADVIKCA,Advik Capital Limited,EQ,INE178T01024,Financial Services,Financial Services,Finance,Non Banking Financial Company (NBFC)
ALFREDHE,Alfred Herbert India Limited,EQ,INE782D01027,Financial Services,Financial Services,Finance,Non Banking Financial Company (NBFC)
ALUFLUOR,Alufluoride Limited,EQ,INE058F01019,Commodities,Chemicals,Chemicals & Petrochemicals,Commodity Chemicals
AMAL,Amal Limited,EQ,INE841D01013,Commodities,Chemicals,Chemicals & Petrochemicals,Specialty Chemicals
AMARJOTHI,Amarjothi Spinning Mills Limited,EQ,INE484D01012,Consumer Discretionary,Textiles,Textiles & Apparels,Other Textile Products
ANDREWYU,Andrew Yule & Company Limited,EQ,INE449C01025,Fast Moving Consumer Goods,Fast Moving Consumer Goods,Agricultural Food & other Products,Tea & Coffee
ANSALBU,Ansal Buildwell Limited,EQ,INE030C01015,Consumer Discretionary,Realty,Realty,Residential Commercial Projects
APOORVA,Apoorva Leasing Finance and Investment Company Limited,EQ,INE217S01014,Financial Services,Financial Services,Finance,Other Financial Services
ARCL,ARCL Organics Limited,EQ,INE372M01010,Commodities,Chemicals,Chemicals & Petrochemicals,Commodity Chemicals
ARYAMAN,Aryaman Financial Services Limited,EQ,INE032E01017,Financial Services,Financial Services,Finance,Non Banking Financial Company (NBFC)
ASIANTNE,Asian Tea & Exports Limited,EQ,INE822B01017,Services,Services,Commercial Services & Supplies,Trading & Distributors
ASSAMENT,Assam Entrade Limited,EQ,INE165G01010,Financial Services,Financial Services,Finance,Non Banking Financial Company (NBFC)
AUSTENG,Austin Engineering Company  Limited,EQ,INE759F01012,Industrials,Capital Goods,Industrial Manufacturing,Industrial Products
AVANCE,Avance Technologies Limited,EQ,INE758A01072,Information Technology,Information Technology,IT - Software,Software Products
AXTEL,Axtel Industries Limited,EQ,INE767C01012,Industrials,Capital Goods,Industrial Manufacturing,Industrial Products
AZADIND,Azad India Mobility Limited,EQ,INE566M01017,Industrials,Capital Goods,Industrial Products,Iron & Steel Products
BENARAS,Benares Hotels Limited,EQ,INE664D01019,Consumer Discretionary,Consumer Services,Leisure Services,Hotels & Resorts
BLEL,Behari Lal Engineering Limited,EQ,INE1EEM01017,Industrials,Capital Goods,Industrial Products,Iron & Steel Products
BLUECLOUDS,Blue Cloud Softech Solutions Limited,EQ,INE373T01047,Information Technology,Information Technology,IT - Software,Software Products
BPLPHARMA,Bharat Parenterals Limited,EQ,INE365Y01019,Healthcare,Healthcare,Pharmaceuticals & Biotechnology,Pharmaceuticals
BRAHMINFRA,Brahmaputra Infrastructure Limited,EQ,INE320I01017,Industrials,Construction,Construction,Civil Construction
BRIGHTBR,Bright Brothers Limited,EQ,INE630D01010,Industrials,Capital Goods,Industrial Products,Plastic Products - Industrial
CFEL,Confidence Futuristic Energetech Limited,EQ,INE700F01024,Services,Services,Commercial Services & Supplies,Trading & Distributors
CGVAK,CG Vak Software & Exports Limited,EQ,INE084D01010,Information Technology,Information Technology,IT - Software,Computers - Software & Consulting
CHEMCRUX,Chemcrux Enterprises Limited,EQ,INE298W01016,Commodities,Chemicals,Chemicals & Petrochemicals,Specialty Chemicals
COMPEAU,Competent Automobiles Company Limited,EQ,INE823B01015,Consumer Discretionary,Automobile and Auto Components,Automobiles,Auto Dealer
CRAVATEX,Cravatex Limited,EQ,INE145E01017,Services,Services,Commercial Services & Supplies,Trading & Distributors
CRSL,Cressanda Railway Solutions Limited,BE,INE716D01033,Information Technology,Information Technology,IT - Services,IT Enabled Services
DEEP,Deep Polymers Limited,EQ,INE00IY01012,Commodities,Chemicals,Chemicals & Petrochemicals,Specialty Chemicals
DHABRIYA,Dhabriya Polywood Limited,BE,INE260R01016,Industrials,Capital Goods,Industrial Products,Plastic Products - Industrial
DHATRE,Dhatre Udyog Limited,EQ,INE715T01031,Industrials,Capital Goods,Industrial Products,Iron & Steel Products
DHOOTTRANS,Dhoot Transmission Limited,EQ,INE01NH01023,Consumer Discretionary,Automobile and Auto Components,Auto Components,Auto Components & Equipments
EASTWEST,East West Freight Carriers Limited,EQ,INE595R01023,Services,Services,Transport Services,Logistics Solution Provider
EBIX,EBIX Limited,EQ,INE432F01032,Consumer Discretionary,Consumer Services,Leisure Services,Hotels & Resorts
ECORECO,Eco Recycling Limited,EQ,INE316A01038,Utilities,Utilities,Other Utilities,Waste Management
EKI,EKI Energy Services Limited,EQ,INE0CPR01018,Services,Services,Commercial Services & Supplies,Consulting Services
EMPIND,Empire Industries Limited,EQ,INE515H01014,Diversified,Diversified,Diversified,Diversified
ENKEIWHEL,Enkei Wheels (India) Limited,EQ,INE130L01014,Consumer Discretionary,Automobile and Auto Components,Auto Components,Auto Components & Equipments
FREDUN,Fredun Pharmaceuticals Limited,EQ,INE194R01017,Healthcare,Healthcare,Pharmaceuticals & Biotechnology,Pharmaceuticals
GAJA,Gaja Alternative Asset Management Limited,EQ,INE18UN01038,Financial Services,Financial Services,Capital Markets,Asset Management Company
GKB,GKB Ophthalmics Limited,EQ,INE265D01015,Healthcare,Healthcare,Healthcare Equipment & Supplies,Medical Equipment & Supplies
HAMPTON,Hampton Sky Realty Limited,EQ,INE299D01022,Consumer Discretionary,Realty,Realty,Residential Commercial Projects
HAZOOR,Hazoor Multi Projects Limited,EQ,INE550F01049,Industrials,Construction,Construction,Civil Construction
HBPOR,HB Portfolio Limited,EQ,INE638B01025,Financial Services,Financial Services,Finance,Other Financial Services
HINDADH,Hindustan Adhesives Limited,EQ,INE074C01013,Industrials,Capital Goods,Industrial Products,Plastic Products - Industrial
HINDALUMI,Hind Aluminium Industries Limited,EQ,INE227B01019,Commodities,Metals & Mining,Non - Ferrous Metals,Aluminium
HORIZONIND,Horizon Industrial Parks Limited,EQ,INE685T01010,Consumer Discretionary,Realty,Realty,Residential Commercial Projects
HRYNSHP,Hariyana Ship Breakers Limited,EQ,INE400G01011,Industrials,Capital Goods,Industrial Manufacturing,Ship Building & Allied Services
INDOKEM,Indokem Limited,EQ,INE716F01012,Commodities,Chemicals,Chemicals & Petrochemicals,Specialty Chemicals
IPRINGLTD,IP Rings Limited,EQ,INE558A01019,MANUFACTURING,AUTOMOBILE,AUTO ANCILLARIES,AUTO ANCILLARIES
ISTLTD,I S T Limited,EQ,INE684B01029,Consumer Discretionary,Automobile and Auto Components,Auto Components,Auto Components & Equipments
ITL,ITL Industries Limited,EQ,INE478D01014,Industrials,Capital Goods,Industrial Manufacturing,Industrial Products
JENBURPH,Jenburkt Pharmaceuticals Limited,EQ,INE354A01013,Healthcare,Healthcare,Pharmaceuticals & Biotechnology,Pharmaceuticals
JYOTIRES,Jyoti Resins & Adhesives Limited,EQ,INE577D01013,Commodities,Chemicals,Chemicals & Petrochemicals,Specialty Chemicals
KAMANWALA,Kamanwala Housing Construction Limited,EQ,INE344D01018,Consumer Discretionary,Realty,Realty,Residential Commercial Projects
KANCOTEA,Kanco Tea & Industries Limited,EQ,INE398L01017,Fast Moving Consumer Goods,Fast Moving Consumer Goods,Agricultural Food & other Products,Tea & Coffee
KJMCFIN,KJMC Financial Services Limited,EQ,INE533C01018,Financial Services,Financial Services,Finance,Non Banking Financial Company (NBFC)
KMCSHIL,K M C Speciality Hospitals (India) Limited,EQ,INE879K01018,Healthcare,Healthcare,Healthcare Services,Hospital
KSE,KSE Limited,EQ,INE953E01022,CONSUMER,CONSUMER GOODS,CONSUMER NON DURABLES,CONSUMER FOOD
KSHITIJ-RE,Kshitij Polyline Ltd-RE,BE,INE013820027,Fast Moving Consumer Goods,Fast Moving Consumer Goods,Household Products,Stationary
LADDERUP,Ladderup Finance Limited,EQ,INE519D01015,Financial Services,Financial Services,Finance,Non Banking Financial Company (NBFC)
LAKSHMIMIL,Lakshmi Mills Company Limited,EQ,INE938C01019,CONSUMER,TEXTILES,TEXTILES - COTTON,SPINNING-COTTON/BLENDED
LALITHAA,Lalithaa Jewellery Mart Limited,EQ,INE0K9O01026,Consumer Discretionary,Consumer Durables,Consumer Durables,Gems Jewellery And Watches
LANCER,Lancer Container Lines Limited,EQ,INE359U01028,Services,Services,Transport Services,Logistics Solution Provider
LEENEE,Lee & Nee Softwares Exports Limited,EQ,INE791B01014,Information Technology,Information Technology,IT - Services,IT Enabled Services
LKPSEC,LKP Securities Limited,EQ,INE341H01023,Financial Services,Financial Services,Capital Markets,Stockbroking & Allied
LOTUSCHO,Lotus Chocolate Company Limited,EQ,INE026D01011,Fast Moving Consumer Goods,Fast Moving Consumer Goods,Food Products,Packaged Foods
MAKERSL,Makers Laboratories Limited,EQ,INE987A01010,Healthcare,Healthcare,Pharmaceuticals & Biotechnology,Pharmaceuticals
MANBRO,Manbro Industries Limited,EQ,INE348N01042,Consumer Discretionary,Consumer Durables,Consumer Durables,Gems Jewellery And Watches
MEDICAPQ,Medi Caps Limited,EQ,INE442D01010,Healthcare,Healthcare,Pharmaceuticals & Biotechnology,Pharmaceuticals
MIIL,Meghna Infracon Infrastructure Limited,EQ,INE898Q01015,Consumer Discretionary,Realty,Realty,Residential Commercial Projects
MILKYMIST,Milky Mist Dairy Food Limited,EQ,INE00IT01020,Fast Moving Consumer Goods,Fast Moving Consumer Goods,Food Products,Dairy Products
MINALIND,Minal Industries Limited,BE,INE097E01028,Services,Services,Commercial Services & Supplies,Trading & Distributors
MKEXIM,M.K. Exim (India) Limited,EQ,INE227F01010,Consumer Discretionary,Consumer Services,Retailing,Distributors
MLKFOOD,Milkfood Limited,EQ,INE588G01021,Fast Moving Consumer Goods,Fast Moving Consumer Goods,Food Products,Dairy Products
MOHITE,Mohite Industries Limited,EQ,INE154B01023,Consumer Discretionary,Textiles,Textiles & Apparels,Other Textile Products
MOLBIO,Molbio Diagnostics Limited,EQ,INE869T01028,Healthcare,Healthcare,Healthcare Equipment & Supplies,Medical Equipment & Supplies
MPDL,MPDL Limited,BE,INE493H01014,Consumer Discretionary,Realty,Realty,Residential Commercial Projects
MSL,Mangalam Seeds Limited,EQ,INE829S01016,Fast Moving Consumer Goods,Fast Moving Consumer Goods,Agricultural Food & other Products,Other Agricultural Products
MUKESHB,Mukesh Babu Financial Services Limited,EQ,INE596B01017,Financial Services,Financial Services,Finance,Non Banking Financial Company (NBFC)
MYSORPETRO,Mysore Petro Chemicals Limited,BE,INE741A01011,Commodities,Chemicals,Chemicals & Petrochemicals,Trading - Chemicals
NICCOPAR,Nicco Parks & Resorts Limited,EQ,INE653C01022,Consumer Discretionary,Consumer Services,Leisure Services,Amusement Parks/ Other Recreation
NTCIND,NTC Industries Limited,EQ,INE920C01017,Fast Moving Consumer Goods,Fast Moving Consumer Goods,Cigarettes & Tobacco Products,Cigarettes & Tobacco Products
ODYCORP,Odyssey Corporation Limited,EQ,INE839E01023,Financial Services,Financial Services,Finance,Non Banking Financial Company (NBFC)
ONEGLOBAL,One Global Service Provider Limited,EQ,INE670O01013,Healthcare,Healthcare,Healthcare Services,Healthcare Service Provider
ONIXSOLAR,Onix Solar Energy Limited,EQ,INE173M01012,Commodities,Metals & Mining,Non - Ferrous Metals,Copper
OPTIFIN,Optimus Finance Limited,EQ,INE031G01022,Financial Services,Financial Services,Finance,Non Banking Financial Company (NBFC)
ORIRAIL,Oriental Rail Infrastructure Limited,EQ,INE457G01029,Industrials,Capital Goods,Industrial Manufacturing,Railway Wagons
PACIFICI,Pacific Industries Limited,EQ,INE883C01025,Consumer Discretionary,Consumer Durables,Consumer Durables,Granites & Marbles
PANCHMAHQ,Panchmahal Steel Limited,EQ,INE798F01010,Industrials,Capital Goods,Industrial Products,Iron & Steel Products
PANORAMA,Panorama Studios International Limited,EQ,INE258R01028,Consumer Discretionary,Media Entertainment & Publication,Entertainment,Film Production Distribution & Exhibition
PARNAXLAB,Parnax Lab Limited,EQ,INE383L01019,Healthcare,Healthcare,Pharmaceuticals & Biotechnology,Pharmaceuticals
PBMPOLY,PBM Polytex Limited,EQ,INE501F01018,Consumer Discretionary,Textiles,Textiles & Apparels,Other Textile Products
PERMAGN,Permanent Magnets Limited,EQ,INE418E01018,Industrials,Capital Goods,Electrical Equipment,Other Electrical Equipment
PHOENXINTL,Phoenix International Limited,EQ,INE245B01011,Services,Services,Commercial Services & Supplies,Diversified Commercial Services
POEL,POCL Enterprises Limited,EQ,INE035S01028,Commodities,Chemicals,Chemicals & Petrochemicals,Commodity Chemicals
POLYSPIN,Polyspin Exports Limited,EQ,INE914G01029,Industrials,Capital Goods,Industrial Products,Packaging
PRISMX,Prismx Global Ventures Limited,EQ,INE286N01028,Services,Services,Commercial Services & Supplies,Trading & Distributors
RRECL,RDB Real Estate Constructions Limited,EQ,INE0AK901016,Consumer Discretionary,Realty,Realty,Residential Commercial Projects
RTSPOWR,RTS Power Corporation Limited,EQ,INE005C01017,Industrials,Capital Goods,Electrical Equipment,Other Electrical Equipment
SAB,SAB Industries Limited,EQ,INE137M01017,Industrials,Construction,Construction,Civil Construction
SAICAPI,Sai Capital Limited,EQ,INE531X01018,Services,Services,Commercial Services & Supplies,Diversified Commercial Services
SAMBANDAM,Sambandam Spinning Mills Limited,EQ,INE304D01012,CONSUMER,TEXTILES,TEXTILES - COTTON,SPINNING-COTTON/BLENDED
SAYAJIIND,Sayaji Industries Limited,EQ,INE327G01032,Fast Moving Consumer Goods,Fast Moving Consumer Goods,Agricultural Food & other Products,Other Agricultural Products
SEKURITIND,Saint Gobain Sekurit India Limited,EQ,INE068B01017,Consumer Discretionary,Automobile and Auto Components,Auto Components,Auto Components & Equipments
SGLRES,SGL Resources Limited,EQ,INE967B01028,Information Technology,Information Technology,IT - Services,IT Enabled Services
SGRL,Shree Ganesh Remedies Limited,EQ,INE414Y01015,Healthcare,Healthcare,Pharmaceuticals & Biotechnology,Pharmaceuticals
SHANKESH,Shankesh Jewellers Limited,EQ,INE1WFC01025,Consumer Discretionary,Consumer Durables,Consumer Durables,Gems Jewellery And Watches
SHERVANI,Shervani Industrial Syndicate Limited,EQ,INE011D01013,Consumer Discretionary,Realty,Realty,Residential Commercial Projects
SHILGRAVQ,Shilp Gravures Limited,EQ,INE960A01017,Industrials,Capital Goods,Industrial Products,Aluminium Copper & Zinc Products
SHIPROCKET,Shiprocket Limited,EQ,INE0FOO01011,Services,Services,Transport Services,Logistics Solution Provider
SHIVAAGRO,Shiva Global Agro Industries Limited,EQ,INE960E01019,Commodities,Chemicals,Fertilizers & Agrochemicals,Fertilizers
SHIVACEM,Shiva Cement Limited,EQ,INE555C01029,Commodities,Construction Materials,Cement & Cement Products,Cement & Cement Products
SHRADDHA,Shraddha Prime Projects Limited,EQ,INE311M01018,Consumer Discretionary,Realty,Realty,Residential Commercial Projects
SHRJAGP,Shri Jagdamba Polymers Limited,EQ,INE564J01026,Industrials,Capital Goods,Industrial Products,Packaging
SIEL,Superior Industrial Enterprises Limited,EQ,INE843L01012,Fast Moving Consumer Goods,Fast Moving Consumer Goods,Agricultural Food & other Products,Edible Oil
SIMPLXREA,Simplex Realty Limited,EQ,INE167H01014,Consumer Discretionary,Realty,Realty,Residential Commercial Projects
SPELS,SPEL Semiconductor Limited,EQ,INE252A01019,Industrials,Capital Goods,Electrical Equipment,Other Electrical Equipment
SRIKPRIND,Sri KPR Industries Limited,EQ,INE009C01019,Industrials,Capital Goods,Industrial Products,Plastic Products - Industrial
STLSTRINF,Steel Strips Infrastructures Limited,EQ,INE205F01016,Consumer Discretionary,Realty,Realty,Residential Commercial Projects
SUMEDHA,Sumedha Fiscal Services Limited,EQ,INE886B01012,Financial Services,Financial Services,Finance,Other Financial Services
SUNLOC,Sunil Healthcare Limited,EQ,INE671C01016,Healthcare,Healthcare,Pharmaceuticals & Biotechnology,Pharmaceuticals
SUNRAKSHAK,Sunrakshakk Industries India Limited,EQ,INE671K01027,Consumer Discretionary,Textiles,Textiles & Apparels,Other Textile Products
SUNSHIEL,Sunshield Chemicals Limited,EQ,INE199E01014,Commodities,Chemicals,Chemicals & Petrochemicals,Specialty Chemicals
SUNSHINE,Sunshine Pictures Limited,EQ,INE1B3O01011,Consumer Discretionary,Media Entertainment & Publication,Entertainment,Film Production Distribution & Exhibition
SUPTANERY,Super Tannery Limited,BE,INE460D01038,Consumer Discretionary,Consumer Durables,Consumer Durables,Leather And Leather Products
SVGLOBAL,S V Global Mill Limited,EQ,INE159L01013,Consumer Discretionary,Realty,Realty,Residential Commercial Projects
SWARNSAR,Swarnsarita Jewels India Limited,EQ,INE967A01012,Consumer Discretionary,Consumer Durables,Consumer Durables,Gems Jewellery And Watches
SWISSMLTRY,Swiss Military Consumer Goods Limited,EQ,INE010C01025,Consumer Discretionary,Consumer Durables,Consumer Durables,Diversified consumer products
TANAA,Taneja Aerospace & Aviation Limited,EQ,INE692C01020,Industrials,Capital Goods,Aerospace & Defense,Aerospace & Defense
TEMPSENS,Tempsens Instruments (India) Limited,EQ,INE1KZI01025,Industrials,Capital Goods,Industrial Manufacturing,Industrial Products
TERAI,Terai Tea Company Limited,EQ,INE390D01011,Fast Moving Consumer Goods,Fast Moving Consumer Goods,Agricultural Food & other Products,Tea & Coffee
TGVSL,TGV Sraac Limited,EQ,INE284B01028,Commodities,Chemicals,Chemicals & Petrochemicals,Commodity Chemicals
TOYAMSL,Toyam Sports Limited,EQ,INE457P01020,Financial Services,Financial Services,Finance,Other Financial Services
TRANSCOR,Transcorp International Limited,EQ,INE330E01023,Financial Services,Financial Services,Finance,Other Financial Services
TRITONV,Triton Valves Limited,EQ,INE440G01017,Consumer Discretionary,Automobile and Auto Components,Auto Components,Auto Components & Equipments
TUTIALKA,Tuticorin Alkali Chemicals & Fertilizers Limited,EQ,INE400A01014,Commodities,Chemicals,Chemicals & Petrochemicals,Commodity Chemicals
UDAYJEW,Uday Jewellery Industries Limited,EQ,INE551B01012,Consumer Discretionary,Consumer Durables,Consumer Durables,Gems Jewellery And Watches
UPHOT,U P Hotels Limited,EQ,INE726E01014,Consumer Discretionary,Consumer Services,Leisure Services,Hotels & Resorts
VADILENT,Vadilal Enterprises Limited,EQ,INE693D01018,Fast Moving Consumer Goods,Fast Moving Consumer Goods,Food Products,Dairy Products
VASUPRADA,Shri Vasuprada Plantations Limited,EQ,INE574G01013,Fast Moving Consumer Goods,Fast Moving Consumer Goods,Agricultural Food & other Products,Tea & Coffee
VEDAVAAG,VEDAVAAG Systems Limited,EQ,INE359B01010,Information Technology,Information Technology,IT - Services,IT Enabled Services
VGCL,Vibrant Global Capital Limited,EQ,INE761Q01015,Financial Services,Financial Services,Finance,Non Banking Financial Company (NBFC)
VIJSOLX,Vijay Solvex Limited,EQ,INE362D01010,Fast Moving Consumer Goods,Fast Moving Consumer Goods,Agricultural Food & other Products,Edible Oil
VIRAT,Virat Industries Limited,EQ,INE467D01017,Consumer Discretionary,Textiles,Textiles & Apparels,Garments & Apparels
VIRTUALG,Virtual Global Education Limited,EQ,INE247C01023,Consumer Discretionary,Consumer Services,Other Consumer Services,Education
VISHAL,Vishal Fabrics Limited,EQ,INE755Q01025,Consumer Discretionary,Textiles,Textiles & Apparels,Garments & Apparels
VIVOBIOT,Vivo Bio Tech Limited,EQ,INE380K01017,Healthcare,Healthcare,Pharmaceuticals & Biotechnology,Biotechnology
VOITHPAPR,Voith Paper Fabrics India Limited,EQ,INE285C01015,Consumer Discretionary,Textiles,Textiles & Apparels,Other Textile Products
VTMLTD,VTM Limited,EQ,INE222F01029,Consumer Discretionary,Textiles,Textiles & Apparels,Other Textile Products
WARDINMOBI,Wardwizard Innovations & Mobility Limited,EQ,INE945P01024,Consumer Discretionary,Automobile and Auto Components,Automobiles,2/3 Wheelers
WATERBASE,Waterbase Limited,EQ,INE054C01015,Fast Moving Consumer Goods,Fast Moving Consumer Goods,Food Products,Animal Feed
WHBRADY,WH Brady & Company Limited,EQ,INE855A01019,Industrials,Capital Goods,Industrial Products,Other Industrial Products
YOGI,Yogi Limited,EQ,INE290E01011,Consumer Discretionary,Realty,Realty,Residential Commercial Projects
ANNU,Annu Projects Limited,BE,INE103001017,Industrials,Construction,Construction,Civil Construction
AUGMONT,Augmont Enterprises Limited,EQ,INE16W401027,Commodities,Metals & Mining,Non - Ferrous Metals,Precious Metals
DUCON-RE1,Ducon Infratech Ltd-RE,BE,INE741L20034,Industrials,Capital Goods,Industrial Manufacturing,Industrial Products
HTEL,Hy-Tech Engineers Limited,BE,INE0LEG01024,Industrials,Capital Goods,Industrial Products,Other Industrial Products
MBECL,Mcnally Bharat Engineering Company Limited,BE,INE748A01024,Industrials,Construction,Construction,Civil Construction
RATNA-RE,Ratnaveer Precision Engineering Limited-RE,BE,INE05CZ20011,Industrials,Capital Goods,Industrial Products,Iron & Steel Products
SKYWAYS,Skyways Air Services Limited,EQ,INE0PX301025,Services,Services,Transport Services,Logistics Solution Provider
SYMBIOTEC,Symbiotec Pharmalab Limited,EQ,INE899I01028,Healthcare,Healthcare,Pharmaceuticals & Biotechnology,Pharmaceuticals
VHLTD-RE1,Viceroy Hotels Ltd-RE,BE,INE048C20025,Consumer Discretionary,Consumer Services,Leisure Services,Hotels & Resorts
KDGREEN,KD Green Industries Limited,EQ,INE348N01042,Consumer Discretionary,Consumer Durables,Consumer Durables,Gems Jewellery And Watches
LUMINO,Lumino Industries Limited,EQ,INE185Q01025,Industrials,Capital Goods,Industrial Products,Cables - Electricals
